nama,lat,lon,wilayah,sumber
Starbucks,-6.8939696,107.6055017,Kabupaten Bandung,cafe
SPBU Dago,-6.869002,107.6208824,Kabupaten Bandung,cafe
Tanpa Nama,-6.8643925,107.6278981,Kabupaten Bandung,cafe
Warung Makan,-6.8919748,107.7641083,Kabupaten Bandung,cafe
Habenagen Coffeeshop,-6.9021325,107.6040636,Kabupaten Bandung,cafe
The Oldway Cafe,-6.9070431,107.6230593,Kabupaten Bandung,cafe
Kabut Salju,-6.9183143,107.6143286,Kabupaten Bandung,cafe
Cokotetra,-6.878483,107.616839,Kabupaten Bandung,cafe
YUTAKANA,-6.8834511,107.6147196,Kabupaten Bandung,cafe
Vcafe,-6.8681396,107.6208995,Kabupaten Bandung,coffee_shop
Tizi's Cafe,-6.8831106,107.6138208,Kabupaten Bandung,cafe
Roti Gempol & Kopi Anjis!,-6.909191,107.6276245,Kabupaten Bandung,cafe
KAFE SISHA FURDAN,-6.9089804,107.627429,Kabupaten Bandung,cafe
ROCKEPO KAFE,-6.9071425,107.6202146,Kabupaten Bandung,cafe
Kopi kamu,-6.8979598,107.6098119,Kabupaten Bandung,cafe
The Valley Bistro,-6.8636195,107.6339512,Kabupaten Bandung,cafe
Karnivor,-6.9079727,107.6239556,Kabupaten Bandung,cafe
Noah's Barn,-6.8869895,107.6126856,Kabupaten Bandung,cafe
The Stone Cafe,-6.8650359,107.6265097,Kabupaten Bandung,cafe
Congo Gallery & Cafe,-6.8676855,107.6277808,Kabupaten Bandung,cafe
Badung Cafe & Resto,-6.9061929,107.5981092,Kabupaten Bandung,cafe
Hummingbird Eatery,-6.904728,107.6178751,Kabupaten Bandung,cafe
Eatboss Cafe,-6.9088982,107.6184895,Kabupaten Bandung,cafe
Bober,-6.917453,107.6132859,Kabupaten Bandung,cafe
Brusselsspring,-6.9164146,107.6138316,Kabupaten Bandung,cafe
Soleluna,-6.916593,107.6138143,Kabupaten Bandung,cafe
Two Cents,-6.905489,107.6206005,Kabupaten Bandung,cafe
Little White Cafe,-6.9291255,107.6196615,Kabupaten Bandung,cafe
Vanilla Kitchen & Wine,-6.9036224,107.6209866,Kabupaten Bandung,cafe
Kopi Progo,-6.9046421,107.618747,Kabupaten Bandung,cafe
Giggle Box Cafe And Resto,-6.9045688,107.6197076,Kabupaten Bandung,cafe
Southville,-6.9286472,107.5868038,Kabupaten Bandung,cafe
Wiki Koffie,-6.9160557,107.6091519,Kabupaten Bandung,cafe
Everjoy Coffee and Cafe,-6.9052965,107.6138859,Kabupaten Bandung,cafe
Chingu Cafe,-6.9010768,107.6097423,Kabupaten Bandung,cafe
Lekker 188 Coffee & Foodhub,-6.9225073,107.6175479,Kabupaten Bandung,coffee_shop
Kupu Bistro,-6.9025783,107.6097557,Kabupaten Bandung,cafe
ETC Etcetera,-6.9024057,107.6143369,Kabupaten Bandung,cafe
Oldbens Cafe,-6.900332,107.6136806,Kabupaten Bandung,cafe
Sunny Side Coffee,-6.9153446,107.6531264,Kabupaten Bandung,coffee_shop
Poffstory Coffee Brewer,-6.9264219,107.6196252,Kabupaten Bandung,coffee_shop
Ludwick Café,-6.872527,107.5932983,Kabupaten Bandung,cafe
Uncle's Storage,-6.9204024,107.6130499,Kabupaten Bandung,cafe
Monsoon Cafe,-6.884257,107.5968352,Kabupaten Bandung,cafe
Hoppers,-6.8997615,107.6104078,Kabupaten Bandung,cafe
Kedai Persib,-6.8996949,107.610294,Kabupaten Bandung,cafe
Coffee Time,-6.963849,107.5631391,Kabupaten Bandung,cafe
Gudang Kopi,-6.9617471,107.5591707,Kabupaten Bandung,cafe
Ngopi Doeloe,-6.9072065,107.5668787,Kabupaten Bandung,cafe
Kedai Pantai Timur,-6.8979361,107.592867,Kabupaten Bandung,cafe
Take Ichi Japanese Cafe,-6.8851859,107.5815401,Kabupaten Bandung,cafe
Sugar Rush,-6.8891532,107.582279,Kabupaten Bandung,cafe
Otten Inn & Viit Cafe,-6.90137,107.5990705,Kabupaten Bandung,cafe
Milan Cafe,-6.9309098,107.6262291,Kabupaten Bandung,cafe
Magic Wok Tavern,-6.9120068,107.5960795,Kabupaten Bandung,cafe
Pokatiam,-6.9109614,107.5979568,Kabupaten Bandung,cafe
Yoss Coffe,-6.917344,107.5983109,Kabupaten Bandung,cafe
Kedai Kopi Bara,-6.9210534,107.5946675,Kabupaten Bandung,coffee_shop
DAGO COFFEE,-6.9049786,107.6104791,Kabupaten Bandung,cafe
SWG COFFEE,-6.9025596,107.6104052,Kabupaten Bandung,cafe
Cafe Pohon Durian Bandung,-6.9023283,107.6102359,Kabupaten Bandung,cafe
Caffe Bene,-6.8878993,107.6132494,Kabupaten Bandung,coffee_shop
Starbucks,-6.8861336,107.5816203,Kabupaten Bandung,cafe
833R Store,-6.9606074,107.5566158,Kabupaten Bandung,cafe
Buthcer's Bill Cafe & Resto,-6.9095825,107.6273878,Kabupaten Bandung,cafe
Chinook Café and Resto,-6.9119046,107.628106,Kabupaten Bandung,cafe
Toko Kue & Cafe Bawean,-6.9123755,107.6282628,Kabupaten Bandung,cafe
Gotcha Ice Cream,-6.8958583,107.6348705,Kabupaten Bandung,cafe
Koffiechino,-6.8946071,107.6346631,Kabupaten Bandung,cafe
Trends Cafe & Resto,-6.8940138,107.6348136,Kabupaten Bandung,cafe
Gaza Mediterranean,-6.8943992,107.635277,Kabupaten Bandung,cafe
TOASTCREAM Toastbox & Ice Cream Bar,-6.8918442,107.6165405,Kabupaten Bandung,cafe
Hangout Cafe,-6.8949494,107.6164681,Kabupaten Bandung,cafe
Starbucks,-6.8960232,107.6168462,Kabupaten Bandung,cafe
Kedai Kecil,-6.8961805,107.6166992,Kabupaten Bandung,cafe
B'Owl!,-6.8969548,107.6156562,Kabupaten Bandung,cafe
Blackjack Coffee,-6.9189145,107.5889524,Kabupaten Bandung,cafe
Kaminumasa,-6.9769183,107.6326245,Kabupaten Bandung,cafe
Chillax Coffee And Tea,-6.8975816,107.6437749,Kabupaten Bandung,cafe
Bober,-6.8869859,107.6149061,Kabupaten Bandung,cafe
18 Hrs Cafe,-6.8710748,107.5936203,Kabupaten Bandung,cafe
Soda Resto,-6.9063815,107.6103688,Kabupaten Bandung,cafe
Starbucks,-6.9169485,107.6091118,Kabupaten Bandung,cafe
Bober,-6.907337,107.6232794,Kabupaten Bandung,cafe
"Please, Please, Please",-6.9045305,107.6199423,Kabupaten Bandung,cafe
180 Coffee and Music,-6.8938137,107.6123099,Kabupaten Bandung,cafe
Le Delice Cafe And Bakery,-6.9248412,107.621374,Kabupaten Bandung,cafe
Nanny's Pavillon,-6.9078484,107.6237768,Kabupaten Bandung,cafe
Ujenk Gemi Bar,-6.9070236,107.6057856,Kabupaten Bandung,cafe
Lacamera Coffee,-6.9206091,107.6154775,Kabupaten Bandung,cafe
N Cafe,-6.8767124,107.5728814,Kabupaten Bandung,cafe
Marfee,-6.9063556,107.6143851,Kabupaten Bandung,coffee_shop
Forest Cafe,-6.8577375,107.6289779,Kabupaten Bandung,cafe
Loco Chiks and Chill,-6.930728,107.6219372,Kabupaten Bandung,cafe
Brussels Spring,-6.9186286,107.6141221,Kabupaten Bandung,cafe
sfroastery,-6.9161264,107.5887671,Kabupaten Bandung,cafe
Armor Coffee,-6.8581757,107.6323803,Kabupaten Bandung,cafe
Aviator Coffee Camp,-6.8616646,107.6484767,Kabupaten Bandung,cafe
The People's Cafe,-6.8901174,107.5960789,Kabupaten Bandung,cafe
Starbucks Reserve,-6.8901104,107.5965612,Kabupaten Bandung,cafe
Djournál,-6.8901004,107.5961777,Kabupaten Bandung,cafe
Caribou Coffee,-6.8886602,107.5960294,Kabupaten Bandung,cafe
Black Canyon,-6.8885606,107.5960266,Kabupaten Bandung,cafe
Halaman,-6.8889259,107.5960428,Kabupaten Bandung,cafe
Rose Bread,-6.961599,107.6246951,Kabupaten Bandung,cafe
Jifast The Power Of Durian,-6.9157346,107.6304829,Kabupaten Bandung,cafe
Tanpa Nama,-7.2155209,107.8993965,Kabupaten Bandung,cafe
Starbucks,-6.8733449,107.6050402,Kabupaten Bandung,cafe
Tanpa Nama,-7.2155298,107.9043943,Kabupaten Bandung,cafe
Starbucks,-6.9064912,107.6170456,Kabupaten Bandung,cafe
Kupansa,-7.1998568,107.8856731,Kabupaten Bandung,cafe
Tanpa Nama,-7.1998035,107.8871582,Kabupaten Bandung,cafe
Cafe Latanza,-7.199933,107.885596,Kabupaten Bandung,cafe
Tanpa Nama,-7.2195663,107.900549,Kabupaten Bandung,cafe
Coffee Time IPO,-7.2156785,107.9055211,Kabupaten Bandung,cafe
Tanpa Nama,-7.3028675,107.7599105,Kabupaten Bandung,cafe
Keday Binong,-7.3118451,107.7824828,Kabupaten Bandung,cafe
Coffee Time,-6.93908,107.7458969,Kabupaten Bandung,cafe
La petite corner,-6.9296717,107.6035086,Kabupaten Bandung,cafe
Kopi Toko Djawa,-6.9174934,107.6092599,Kabupaten Bandung,cafe
Art,-6.9171923,107.6093407,Kabupaten Bandung,cafe
Chatime,-6.9169517,107.6089282,Kabupaten Bandung,cafe
J.Co,-6.9144264,107.6966851,Kabupaten Bandung,coffee_shop
Warnet Nur,-6.9165534,107.5889526,Kabupaten Bandung,cafe
Cafe Bali,-6.9136103,107.6292534,Kabupaten Bandung,cafe
Gajua Kopi,-6.9018765,107.60974,Kabupaten Bandung,cafe
Tiga Outdoor Cafe,-6.8949433,107.6162456,Kabupaten Bandung,cafe
Kopi Siologi,-6.8868433,107.6266658,Kabupaten Bandung,cafe
The Valley,-6.8629017,107.6301376,Kabupaten Bandung,cafe
Kebon Awi,-6.8615968,107.6321809,Kabupaten Bandung,cafe
Fashion Pasta,-6.8586541,107.6373118,Kabupaten Bandung,cafe
Lisung,-6.8588451,107.6374225,Kabupaten Bandung,cafe
Warung Taru,-6.8657012,107.6213081,Kabupaten Bandung,cafe
The Goodlife,-6.8813092,107.5826337,Kabupaten Bandung,cafe
Kopi Sepuluh,-6.9059425,107.6191508,Kabupaten Bandung,cafe
Studio Rosid,-6.8828312,107.6291989,Kabupaten Bandung,coffee_shop
Kumis Kopi,-6.8643717,107.6236411,Kabupaten Bandung,coffee_shop
Chatime,-6.9062428,107.5978201,Kabupaten Bandung,cafe
Chiba,-6.9097811,107.5969413,Kabupaten Bandung,cafe
Tanpa Nama,-7.2074507,107.9029295,Kabupaten Bandung,cafe
Yumaju Coffee,-6.9015702,107.613618,Kabupaten Bandung,coffee_shop
Jardin,-6.9054216,107.6202311,Kabupaten Bandung,cafe
Gesa Kopi,-6.9026206,107.6190522,Kabupaten Bandung,coffee_shop
Dono Reborn,-6.8924838,107.6251253,Kabupaten Bandung,cafe
Baso Aci Ciwang 88,-6.9071388,107.6180169,Kabupaten Bandung,cafe
Gg Coffee,-6.9468245,107.7727304,Kabupaten Bandung,cafe
Majelis Kopi,-7.0017718,107.748894,Kabupaten Bandung,cafe
Surya Moeda Kopi,-6.9415528,107.7803959,Kabupaten Bandung,cafe
Kedai Garasi74,-7.0217224,107.6089649,Kabupaten Bandung,cafe
Masagi Coffee,-6.8686861,107.6065263,Kabupaten Bandung,cafe
Kuro Coffee,-6.8711062,107.6056926,Kabupaten Bandung,cafe
Kopipi,-6.9032558,107.6139508,Kabupaten Bandung,cafe
Jenderal Kopi Nusantara Buwas coffee,-6.9140252,107.6297763,Kabupaten Bandung,cafe
Tanpa Nama,-6.8840587,107.6177097,Kabupaten Bandung,cafe
Ngopo Doeloe Sangkurian,-6.8840265,107.6116969,Kabupaten Bandung,cafe
Joomba,-6.9156712,107.6418632,Kabupaten Bandung,cafe
Joh-Eun Keopi,-6.9160279,107.6407122,Kabupaten Bandung,cafe
Mixue,-6.9182851,107.6094729,Kabupaten Bandung,cafe
Dragonstorm Soreang,-7.0185963,107.5487402,Kabupaten Bandung,cafe
WARUNG CLICKSQUARE,-6.9107304,107.6329394,Kabupaten Bandung,cafe
otto iskandardinata 305,-6.9248453,107.6039702,Kabupaten Bandung,cafe
Kopi Kenangan,-6.92656,107.7105623,Kabupaten Bandung,cafe
M Coffee Company,-6.9487922,107.5625018,Kabupaten Bandung,cafe
Mie Kocok Cililin,-6.9520556,107.4587076,Kabupaten Bandung,cafe
Seaside café,-7.2178417,107.9211634,Kabupaten Bandung,cafe
Mixue,-6.9315299,107.7146477,Kabupaten Bandung,cafe
Warung Kopi Imah Babaturan,-6.8980574,107.607698,Kabupaten Bandung,cafe
Bagi Kopi,-6.8776541,107.6168476,Kabupaten Bandung,cafe
Tanpa Nama,-6.9093416,107.5922661,Kabupaten Bandung,cafe
Tanpa Nama,-6.8855533,107.5955189,Kabupaten Bandung,cafe
Point Coffee,-6.9453718,107.6304886,Kabupaten Bandung,cafe
Fore Coffee,-6.9410924,107.6268912,Kabupaten Bandung,cafe
Kopi Kenangan,-6.9411448,107.6270712,Kabupaten Bandung,cafe
Chatime,-6.9398319,107.625775,Kabupaten Bandung,cafe
Djawa,-6.9393958,107.6253031,Kabupaten Bandung,coffee_shop
Tanpa Nama,-6.9160953,107.6678117,Kabupaten Bandung,cafe
Starbucks,-6.9158532,107.5944292,Kabupaten Bandung,cafe
Mixue,-6.9667086,107.6386485,Kabupaten Bandung,cafe
Janji Jiwa,-6.9667087,107.6384718,Kabupaten Bandung,cafe
Chatime,-6.9661903,107.6380992,Kabupaten Bandung,cafe
Tanpa Nama,-6.9161426,107.6101371,Kabupaten Bandung,cafe
Starbucks,-6.9342083,107.7708913,Kabupaten Bandung,cafe
Point Coffee,-6.9293268,107.6383175,Kabupaten Bandung,cafe
Chatime,-6.9011192,107.6117927,Kabupaten Bandung,cafe
Kopi Kenangan,-6.8936026,107.6051072,Kabupaten Bandung,cafe
Garden Coffee,-6.9130481,107.6326629,Kabupaten Bandung,cafe
Kofu,-6.9024399,107.6217955,Kabupaten Bandung,cafe
Starbucks,-6.9063298,107.5977616,Kabupaten Bandung,cafe
Eiger Coffee,-6.9052076,107.6045701,Kabupaten Bandung,cafe
Mixue,-6.9237589,107.617037,Kabupaten Bandung,cafe
Point Coffee,-6.9241793,107.6201345,Kabupaten Bandung,cafe
Kamasan,-6.9072927,107.6158218,Kabupaten Bandung,cafe
Bright Cafe,-6.8902542,107.6127312,Kabupaten Bandung,cafe
Bagi Kopi,-6.8856493,107.5383468,Kabupaten Bandung,coffee_shop
Starbucks,-6.8991191,107.6211357,Kabupaten Bandung,cafe
TOMORO Coffee,-6.8687202,107.5320155,Kabupaten Bandung,cafe
Broy.co,-6.9217662,107.6727307,Kabupaten Bandung,cafe
Kopi Kenangan,-6.8949076,107.5887755,Kabupaten Bandung,cafe
Kozi x Marawa,-6.8821567,107.6139604,Kabupaten Bandung,cafe
Starbucks,-6.9552303,107.6967913,Kabupaten Bandung,cafe
Excelso,-6.9551464,107.6972339,Kabupaten Bandung,cafe
J.Co,-6.9547817,107.6974504,Kabupaten Bandung,cafe
Kenangan Signature,-6.9542561,107.6982999,Kabupaten Bandung,cafe
Dear Clio,-6.9540125,107.6985746,Kabupaten Bandung,cafe
Kopi Kenangan,-6.907439,107.6089496,Kabupaten Bandung,cafe
Kopi Kenangan,-6.8683437,107.4669942,Kabupaten Bandung,cafe
Saraga Coffee,-6.8766336,107.6234896,Kabupaten Bandung,cafe
Chatime,-6.8755511,107.6042704,Kabupaten Bandung,cafe
Kopi Kenangan,-6.8756006,107.6042621,Kabupaten Bandung,cafe
Kopi Kenangan,-6.9183441,107.6182166,Kabupaten Bandung,cafe
Point Coffee,-6.9170677,107.6178618,Kabupaten Bandung,cafe
Maxx Coffee,-6.9136374,107.6023798,Kabupaten Bandung,cafe
Kopi Kenangan,-6.9069669,107.6133478,Kabupaten Bandung,cafe
Point Coffee,-6.9086249,107.6149449,Kabupaten Bandung,cafe
Kopi Kenangan,-6.9235043,107.6058278,Kabupaten Bandung,cafe
Bento Kopi,-6.9263544,107.7051584,Kabupaten Bandung,cafe
Point Coffee,-6.9358851,107.7652076,Kabupaten Bandung,cafe
Nice coffee shop,-7.0298168,107.5096382,Kabupaten Bandung,coffee_shop
Maxx Coffee,-6.9087306,107.6109311,Kabupaten Bandung,cafe
Chatime,-6.9088052,107.6112583,Kabupaten Bandung,cafe
Xing Fu Tang,-6.9088105,107.6114756,Kabupaten Bandung,cafe
Fore Coffee,-6.9086534,107.6113254,Kabupaten Bandung,cafe
TOMORO Coffee,-6.9089357,107.6112758,Kabupaten Bandung,cafe
Point Coffee,-6.9137299,107.6027866,Kabupaten Bandung,cafe
J.Co,-6.9261792,107.6367581,Kabupaten Bandung,cafe
The Coffee Bean,-6.926126,107.6365703,Kabupaten Bandung,cafe
Fore Coffee,-6.9261073,107.6362726,Kabupaten Bandung,cafe
Kopi Guyu,-6.9252899,107.6369539,Kabupaten Bandung,cafe
KOI The,-6.9258118,107.636632,Kabupaten Bandung,cafe
Gulu Gulu,-6.9256946,107.6369002,Kabupaten Bandung,cafe
Chatime,-6.9080783,107.6089945,Kabupaten Bandung,cafe
Mixue,-6.9077481,107.6089409,Kabupaten Bandung,cafe
Coffee Dreams,-6.9080543,107.6088041,Kabupaten Bandung,cafe
Bean Spot,-6.934669,107.6126719,Kabupaten Bandung,cafe
Bean Spot,-6.9305899,107.6158027,Kabupaten Bandung,cafe
Es Teh Indonesia,-6.9299948,107.6159549,Kabupaten Bandung,cafe
Korner,-6.930068,107.6158972,Kabupaten Bandung,cafe
Jala Kopi,-6.9222099,107.6174482,Kabupaten Bandung,cafe
Kedai Kopi Oh,-6.9182591,107.6182294,Kabupaten Bandung,cafe
Tel-U Coffee,-6.9729145,107.6298675,Kabupaten Bandung,cafe
Bean Spot,-6.9385433,107.6240548,Kabupaten Bandung,cafe
Kopi Soe,-6.8895732,107.5957994,Kabupaten Bandung,cafe
CGV Cafe,-6.8881792,107.5960006,Kabupaten Bandung,cafe
Kopi Kenangan,-6.8904932,107.5962339,Kabupaten Bandung,cafe
Janji Jiwa,-6.8901338,107.596364,Kabupaten Bandung,cafe
Kopi Lay,-6.8893096,107.596132,Kabupaten Bandung,cafe
Fore Coffee,-6.8884167,107.5962458,Kabupaten Bandung,cafe
Chatime,-6.9057311,107.5971955,Kabupaten Bandung,cafe
Kupi Pass,-6.8981169,107.5968488,Kabupaten Bandung,cafe
Otten Coffee,-6.9014214,107.5976649,Kabupaten Bandung,cafe
Janji Jiwa,-6.9057404,107.5969756,Kabupaten Bandung,cafe
Ganefo,-6.9213245,107.618971,Kabupaten Bandung,cafe
Point Coffee,-6.9191878,107.6240437,Kabupaten Bandung,cafe
Non Kitchen Coffee,-6.922132,107.6181697,Kabupaten Bandung,cafe
Chatime,-6.9237935,107.6059891,Kabupaten Bandung,cafe
Dunkin Donuts,-6.945204,107.5953253,Kabupaten Bandung,cafe
Fruity,-6.9229907,107.6049753,Kabupaten Bandung,cafe
Janji Jiwa,-6.9226965,107.6048411,Kabupaten Bandung,cafe
Pa Oyen,-6.9230413,107.6048908,Kabupaten Bandung,cafe
Kimiku,-6.9229215,107.6049189,Kabupaten Bandung,cafe
Chatime,-6.9228323,107.6052207,Kabupaten Bandung,cafe
Puyo,-6.9230826,107.6048143,Kabupaten Bandung,cafe
Gulu Gulu,-6.9230346,107.6048197,Kabupaten Bandung,cafe
Point Coffee,-6.930088,107.6035886,Kabupaten Bandung,cafe
Korner,-6.9214217,107.6100741,Kabupaten Bandung,cafe
Bean Spot,-6.917025,107.6083052,Kabupaten Bandung,cafe
Bahagia Kopi,-6.9181992,107.6094452,Kabupaten Bandung,cafe
Mixue,-6.9214803,107.6087008,Kabupaten Bandung,cafe
Janji Jiwa,-6.9172247,107.608607,Kabupaten Bandung,cafe
Flash Coffee,-6.9171821,107.6087317,Kabupaten Bandung,cafe
Korner,-6.9158827,107.6090844,Kabupaten Bandung,cafe
Shooters Pool & Cafe,-6.9157469,107.6088571,Kabupaten Bandung,cafe
Why Not?,-6.9181054,107.6095813,Kabupaten Bandung,cafe
Goedang Kopi Braga,-6.9205344,107.6098582,Kabupaten Bandung,cafe
Kopi Toko Djawa,-6.9172487,107.608379,Kabupaten Bandung,cafe
Jabarano Coffee,-6.9201483,107.6098461,Kabupaten Bandung,cafe
Suis Butcher,-6.9189781,107.6096597,Kabupaten Bandung,cafe
Bean Spot,-6.9163094,107.6082294,Kabupaten Bandung,cafe
Korner,-6.9208865,107.6058892,Kabupaten Bandung,cafe
Jiwa Toast,-6.9170396,107.6086271,Kabupaten Bandung,cafe
Warung Kopi Limarasa,-6.9184282,107.6096812,Kabupaten Bandung,cafe
Freezh,-6.9181387,107.6095866,Kabupaten Bandung,cafe
MyLoc Coffee,-6.9167108,107.6090294,Kabupaten Bandung,cafe
Korner,-6.9196038,107.6098227,Kabupaten Bandung,cafe
Gas Inc Coffee& Gelato,-6.9182265,107.6096222,Kabupaten Bandung,cafe
18 Coffee & Brew,-6.916796,107.6090569,Kabupaten Bandung,cafe
Xiyue,-6.8929457,107.6054862,Kabupaten Bandung,cafe
Kelapa Mueda,-6.892967,107.6056096,Kabupaten Bandung,cafe
Es Teh Nusantara,-6.8938431,107.6055559,Kabupaten Bandung,cafe
Sour Sally,-6.8931774,107.6057169,Kabupaten Bandung,cafe
Tong Tji Express,-6.8935395,107.6052113,Kabupaten Bandung,cafe
Puyo,-6.8936633,107.6057263,Kabupaten Bandung,cafe
J.CO Donuts & Coffee,-6.8934543,107.6059368,Kabupaten Bandung,cafe
Mochi Mochi,-6.8938151,107.6054902,Kabupaten Bandung,cafe
Upnormal Coffee Roasters,-6.8994802,107.6043275,Kabupaten Bandung,cafe
Fore Coffee,-6.8936474,107.6053038,Kabupaten Bandung,cafe
Kopilatinum,-6.8939469,107.6053146,Kabupaten Bandung,cafe
Chatime,-6.8928805,107.6054969,Kabupaten Bandung,cafe
Bean Spot,-6.8980223,107.6038112,Kabupaten Bandung,cafe
Janji Jiwa,-6.8970045,107.6037307,Kabupaten Bandung,cafe
Tanpa Nama,-6.8607502,107.589671,Kabupaten Bandung,cafe
Tous les Jours,-6.8906713,107.5962338,Kabupaten Bandung,cafe
Cafe de Musee,-6.8600609,107.59394,Kabupaten Bandung,cafe
Kopi Kenangan,-6.9557777,107.6973994,Kabupaten Bandung,cafe
Starbucks,-6.8722446,107.5396944,Kabupaten Bandung,cafe
Little Social Space,-6.8815672,107.5788046,Kabupaten Bandung,cafe
TOMORO Coffee,-6.8854024,107.6134807,Kabupaten Bandung,cafe
Point Coffee,-6.8857827,107.6139375,Kabupaten Bandung,cafe
Kopi Kenangan,-6.9667946,107.6388108,Kabupaten Bandung,cafe
Xi Boba,-6.9667935,107.6385967,Kabupaten Bandung,cafe
The Coffee Bean & Tea Leaf,-6.9668766,107.6382542,Kabupaten Bandung,cafe
Sono Creative Space,-6.9348407,107.7687286,Kabupaten Bandung,cafe
Persegi Coffee,-6.8959269,107.6048656,Kabupaten Bandung,cafe
Jati,-6.8741674,107.6046198,Kabupaten Bandung,cafe
MIXUE Ciumbuleuit,-6.873965,107.6045856,Kabupaten Bandung,cafe
Ditokokopi,-6.8794269,107.6032186,Kabupaten Bandung,cafe
Point Coffee,-7.1034,107.8978646,Kabupaten Bandung,cafe
fajarphoria,-6.872039,107.5609056,Kabupaten Bandung,cafe
TUKU - Ambon,-6.9075012,107.6182495,Kabupaten Bandung,cafe
Railway Coffee Station,-6.9144996,107.6058684,Kabupaten Bandung,coffee_shop
Flash Coffee,-6.9468381,107.6413621,Kabupaten Bandung,cafe
Fore Coffee,-6.9463283,107.6411971,Kabupaten Bandung,cafe
Point Coffee,-6.9757466,107.6374751,Kabupaten Bandung,cafe
Kopi Kenangan,-6.9066586,107.6171308,Kabupaten Bandung,cafe
Art Coffee,-6.9171857,107.609343,Kabupaten Bandung,cafe
Wiki Coffe,-6.9160496,107.6091452,Kabupaten Bandung,cafe
flash coffee,-6.9171712,107.6087343,Kabupaten Bandung,cafe
Kopi Toko Djawa,-6.9174913,107.6092602,Kabupaten Bandung,cafe
Bean Spot Cafe,-6.9163066,107.6082247,Kabupaten Bandung,cafe
Flash Coffee,-6.8683437,107.466926,Kabupaten Bandung,cafe
Kopi Kenangan,-6.9236101,107.6278801,Kabupaten Bandung,cafe
Bumi Luhur,-6.8672958,107.4466909,Kabupaten Bandung,cafe
Toebroek Coffee,-6.8831467,107.5860352,Kabupaten Bandung,cafe
Temu Roti,-6.8764579,107.6232361,Kabupaten Bandung,cafe
Point Coffee,-6.9155748,107.6156562,Kabupaten Bandung,cafe
Tanpa Nama,-6.9368383,107.6846021,Kabupaten Bandung,cafe
TOMORO Coffee,-6.9631574,107.5621306,Kabupaten Bandung,cafe
Kopi Kenangan,-6.9633607,107.5624988,Kabupaten Bandung,cafe
Rooftop Coffee 1896,-6.9069845,107.6039968,Kabupaten Bandung,cafe
Cafe Kavaleri,-6.9254078,107.630143,Kabupaten Bandung,coffee_shop
Warkop Suka Rasa,-6.8876954,107.6154204,Kabupaten Bandung,cafe
Es Coklat Impian Dipati Ukur,-6.8895414,107.6162461,Kabupaten Bandung,cafe
Douwes Dekker Kitchen,-6.8897156,107.6155163,Kabupaten Bandung,cafe
TOMORO Coffee,-6.8880494,107.6152539,Kabupaten Bandung,cafe
Pelagia f&b station,-6.9165847,107.6005901,Kabupaten Bandung,cafe
Double Three,-6.8662684,107.4719828,Kabupaten Bandung,cafe
Photo Coffee,-6.8661106,107.4701029,Kabupaten Bandung,cafe
Canda.coffee,-6.8506881,107.4964765,Kabupaten Bandung,cafe
Kopi Kenangan,-6.8696826,107.535141,Kabupaten Bandung,cafe
Chatime,-6.8856431,107.5542341,Kabupaten Bandung,cafe
Kopi Kenangan,-6.8880054,107.5557692,Kabupaten Bandung,cafe
East Indies,-6.8979085,107.6131797,Kabupaten Bandung,cafe
Point Coffee,-7.0194046,107.8867432,Kabupaten Bandung,cafe
Point Coffee,-6.9594916,107.6996933,Kabupaten Bandung,cafe
Fore Coffee,-6.9090414,107.6109495,Kabupaten Bandung,cafe
Kopi Kenangan,-6.8690585,107.5937257,Kabupaten Bandung,cafe
TOMORO Coffee,-6.8683146,107.4645791,Kabupaten Bandung,cafe
Point Coffee,-6.9578772,107.6947776,Kabupaten Bandung,cafe
ClassiQue,-6.850147,107.5857206,Kabupaten Bandung,cafe
Bean,-6.9596553,107.6986534,Kabupaten Bandung,cafe
The People's Cafe,-6.9552216,107.697204,Kabupaten Bandung,cafe
Fore Coffee,-6.9549358,107.697337,Kabupaten Bandung,cafe
Koat Coffee,-6.94559,107.7056451,Kabupaten Bandung,cafe
Point Coffee,-6.9143573,107.6323363,Kabupaten Bandung,cafe
Cerita di,-6.9035058,107.6041268,Kabupaten Bandung,cafe
Nescafe,-6.886874,107.6233729,Kabupaten Bandung,cafe
Nowala Coffee and Eatery,-6.9166642,107.6167624,Kabupaten Bandung,cafe
Kopi Kenangan,-6.9064704,107.5957325,Kabupaten Bandung,cafe
Roempi Coffee,-6.9124674,107.5987521,Kabupaten Bandung,cafe
Kopitiam 136,-6.9242636,107.6275601,Kabupaten Bandung,cafe
Kozi,-6.9269543,107.6344668,Kabupaten Bandung,cafe
Kopi Celah Kota,-6.9402128,107.6256352,Kabupaten Bandung,cafe
Mixue,-6.9439157,107.7140447,Kabupaten Bandung,cafe
Point Coffee,-6.8650292,107.6261412,Kabupaten Bandung,cafe
Jabarano Coffee,-6.8976206,107.6132661,Kabupaten Bandung,cafe
Kantin FKG,-6.9289002,107.7755265,Kabupaten Bandung,cafe
Kantin FKG,-6.9289058,107.7756213,Kabupaten Bandung,cafe
Choosy Coffe,-6.8696313,107.6202102,Kabupaten Bandung,cafe
Caffein,-7.2007654,107.8991916,Kabupaten Bandung,cafe
Calista Cafe,-6.8644411,107.6278095,Kabupaten Bandung,cafe
Kafe Halaman,-6.8852743,107.6117715,Kabupaten Bandung,cafe
Hummingbird,-6.9049636,107.6178898,Kabupaten Bandung,cafe
Lekker,-6.9226088,107.6173874,Kabupaten Bandung,cafe
Kopi Aroma,-6.9174741,107.6062333,Kabupaten Bandung,cafe
Kedai Bobko,-6.8820055,107.6159234,Kabupaten Bandung,cafe
MIXUE Dago,-6.8789791,107.6167447,Kabupaten Bandung,cafe
372 Kopi,-6.8753071,107.6190505,Kabupaten Bandung,cafe
Ballroom & Karaoke,-6.920903,107.6213783,Kabupaten Bandung,cafe
Roti,-6.9205379,107.6214744,Kabupaten Bandung,cafe
MASA,-6.9020717,107.6141727,Kabupaten Bandung,cafe
Critoe,-6.9148743,107.6257954,Kabupaten Bandung,cafe
Onsite Cafe,-6.923251,107.6202426,Kabupaten Bandung,cafe
Riverstone Bistro,-6.8529279,107.5900621,Kabupaten Bandung,cafe
terasararea kitchen,-6.8640946,107.6266955,Kabupaten Bandung,cafe
U Café,-6.8620332,107.5937389,Kabupaten Bandung,cafe
Coffee Lab 5758,-6.8613391,107.5825779,Kabupaten Bandung,cafe
Coffee Lab 5758,-6.8612893,107.5825954,Kabupaten Bandung,cafe
Masagi Coffee,-6.8686931,107.6065385,Kabupaten Bandung,cafe
Cafe Dante,-6.8675479,107.6232347,Kabupaten Bandung,cafe
Gonzo Anime Caffe,-6.9021472,107.6045416,Kabupaten Bandung,cafe
Yelow Truck Coffe,-6.9029278,107.6053089,Kabupaten Bandung,cafe
Fore Coffee,-6.8892024,107.6155854,Kabupaten Bandung,cafe
Tree House Cafe,-6.894562,107.6150558,Kabupaten Bandung,cafe
Ngopi Doeloe Cafe,-6.8945796,107.6158108,Kabupaten Bandung,cafe
KOMA Fine Coffee,-6.884628,107.6125532,Kabupaten Bandung,cafe
Cafe SIMLIM,-7.2000796,107.8878836,Kabupaten Bandung,cafe
Iriz-u Coffee,-6.9241319,107.6740092,Kabupaten Bandung,cafe
Broy.co,-6.921737,107.672741,Kabupaten Bandung,cafe
MAXX Coffee,-6.9384438,107.6245186,Kabupaten Bandung,cafe
Sweezle,-6.9380697,107.6234846,Kabupaten Bandung,cafe
Janji Jiwa Culture,-6.9413261,107.62665,Kabupaten Bandung,cafe
ESKO Cafe,-6.9437732,107.6418121,Kabupaten Bandung,cafe
Bagi Kopi,-6.9351925,107.5928299,Kabupaten Bandung,cafe
Kafe Leis,-6.8792507,107.6127851,Kabupaten Bandung,cafe
Cafe Bunda,-6.896549,107.6174757,Kabupaten Bandung,coffee_shop
Tanpa Nama,-6.8966742,107.6174138,Kabupaten Bandung,coffee_shop
Tanpa Nama,-6.8972612,107.6174683,Kabupaten Bandung,coffee_shop
Cafe,-6.8830301,107.6118307,Kabupaten Bandung,cafe
Layung Coffee Roastery,-6.9167813,107.6894382,Kabupaten Bandung,cafe
Tanpa Nama,-6.8816561,107.5786824,Kabupaten Bandung,cafe
Caffetaria,-6.8595488,107.5941642,Kabupaten Bandung,cafe
Tanpa Nama,-6.9041479,107.6974,Kabupaten Bandung,cafe
Tanpa Nama,-6.8775851,107.6736973,Kabupaten Bandung,cafe
Jds Kopi and Roastery,-6.879234,107.6325301,Kabupaten Bandung,cafe
Congo Gallery and Cafe,-6.8674237,107.6277284,Kabupaten Bandung,cafe
Indomaret,-6.9167704,107.6419564,Kabupaten Bandung,cafe
LAKESIDE,-6.9726488,107.6312516,Kabupaten Bandung,cafe
PePeTeKa Cafe,-7.1415826,107.5144118,Kabupaten Bandung,cafe
terasararea Coffee,-6.8640452,107.6269154,Kabupaten Bandung,cafe
terasararea coffee,-6.8641391,107.6268612,Kabupaten Bandung,cafe
Warmindo Yayang,-6.9342264,107.7170311,Kabupaten Bandung,cafe
Cikopi,-6.8842029,107.6123617,Kabupaten Bandung,cafe
Parc C Coffe & Eatery,-6.882545,107.6136553,Kabupaten Bandung,cafe
Parc C Coffe & Eatery,-6.8824294,107.6137274,Kabupaten Bandung,cafe
Parc C Coffe & Eatery,-6.8823754,107.6137763,Kabupaten Bandung,cafe
Parc C Coffe & Eatery,-6.8823576,107.6136486,Kabupaten Bandung,cafe
Kopi Tentrem,-6.8795268,107.6124665,Kabupaten Bandung,cafe
Tanpa Nama,-6.8836964,107.6113622,Kabupaten Bandung,cafe
Domino Pizza Dago,-6.8799953,107.6161215,Kabupaten Bandung,cafe
Prabu Coffe,-6.8750323,107.6186027,Kabupaten Bandung,cafe
Ruang Ketiga,-6.87794,107.6194821,Kabupaten Bandung,cafe
Kanay Coffe,-6.8779648,107.6192374,Kabupaten Bandung,cafe
Syura Coffe,-6.8804581,107.6163346,Kabupaten Bandung,cafe
Kabobs - Premium Kebab Dago,-6.8792904,107.616635,Kabupaten Bandung,cafe
Clie Banana & Donuts,-6.8790209,107.617968,Kabupaten Bandung,cafe
Daily Routine Coffe,-6.8790974,107.6202254,Kabupaten Bandung,cafe
Kurva Coffe,-6.8645564,107.6236298,Kabupaten Bandung,cafe
Sedjuk Bakmi And Coffee,-6.8839582,107.6253334,Kabupaten Bandung,cafe
Adiksi Kopi,-6.8793164,107.6241433,Kabupaten Bandung,cafe
Adiksi Kopi,-6.8792738,107.6241246,Kabupaten Bandung,cafe
Adiksi Kopi,-6.8793389,107.624044,Kabupaten Bandung,cafe
Toko Kopi Maju,-6.8869536,107.618793,Kabupaten Bandung,cafe
Cafe Tarya,-6.9351194,107.6418324,Kabupaten Bandung,cafe
Harvard University Cabang Sumedang,-6.9255239,107.8122168,Kabupaten Bandung,cafe
Erla Cafe,-6.8740331,107.6186196,Kabupaten Bandung,cafe
Tanpa Nama,-6.8691419,107.627736,Kabupaten Bandung,cafe
Cats and Ice Cream Dago,-6.877956,107.6188188,Kabupaten Bandung,cafe
Cafe Coffee Day,-7.093875,107.4271658,Kabupaten Bandung,cafe
Tanpa Nama,-7.2275439,107.8825187,Kabupaten Bandung,cafe
Mooja Cafe,-6.8927339,107.590254,Kabupaten Bandung,cafe
Laja House Coffee & Noodles,-6.8705955,107.7020895,Kabupaten Bandung,cafe
Malmo Food Explore,-6.8969375,107.6174358,Kabupaten Bandung,cafe
Warung Kopi Imah Babaturan Cabang Tamansari,-6.8970101,107.6094107,Kabupaten Bandung,cafe
Warung Kopi Imah Babaturan Cabang Tamansari,-6.897103,107.6094123,Kabupaten Bandung,cafe
Loko Cafe,-6.9129636,107.602965,Kabupaten Bandung,cafe
Suka Sangrai Coffee Roaster,-6.9020001,107.6863959,Kabupaten Bandung,coffee_shop
Morikafe,-7.1817128,107.5450245,Kabupaten Bandung,cafe
Tanpa Nama,-6.8939472,107.6122479,Kabupaten Bandung,cafe
Simpang Wangi Coffee & Eatary,-6.9041405,107.6192054,Kabupaten Bandung,cafe
Starbucks,-6.9388521,107.6249393,Kabupaten Bandung,cafe
Starbucks,-6.9760476,107.6368075,Kabupaten Bandung,cafe
Ruang Jumpa co.,-6.8727596,107.5327089,Kabupaten Bandung,cafe
TEMU KITA COFFEE TERRACE,-6.8722289,107.5531691,Kabupaten Bandung,cafe
Tanpa Nama,-6.8785075,107.5500271,Kabupaten Bandung,cafe
IKEA Café,-6.8665897,107.4665276,Kabupaten Bandung,cafe
Tedja,-6.9602183,107.6948371,Kabupaten Bandung,cafe
ER Coffeelab,-6.9592587,107.6946696,Kabupaten Bandung,cafe
Otterino,-6.9596168,107.694723,Kabupaten Bandung,cafe
Tomoro,-6.9590168,107.6946448,Kabupaten Bandung,cafe
Co-Working Cafe,-6.9576479,107.6947847,Kabupaten Bandung,cafe
Jaad,-6.9579557,107.6947212,Kabupaten Bandung,cafe
Es Teh Indonesia,-6.9577326,107.6895631,Kabupaten Bandung,cafe
Mixue,-6.9576389,107.6895709,Kabupaten Bandung,cafe
Starbucks,-6.9213419,107.6099795,Kabupaten Bandung,cafe
KEDAI KULINER PATUNG DUA MACAN,-6.8608982,107.5526781,Kabupaten Bandung,cafe
Starbucks,-6.8669907,107.4725913,Kabupaten Bandung,cafe
Richeese Factory,-6.9202108,107.6221651,Kabupaten Bandung,cafe
Cafe De Musee,-6.8600532,107.5939417,Kabupaten Bandung,cafe
Tomoro Coffe,-6.8624665,107.5932426,Kabupaten Bandung,cafe
People Pleaser,-6.8740808,107.6036522,Kabupaten Bandung,cafe
Tanulo Coffee,-6.9523881,107.6062445,Kabupaten Bandung,cafe
Noir Coffee and Space,-6.9527838,107.6058673,Kabupaten Bandung,cafe
One Two B,-6.9600719,107.70074,Kabupaten Bandung,cafe
Bambung Hideung Cafe,-6.895181,107.2267763,Kabupaten Bandung,cafe
Imah Kopi,-6.814801,107.6235807,Kabupaten Bandung Barat,cafe
Cafe D'Pakar,-6.8467341,107.6498632,Kabupaten Bandung Barat,cafe
Waroeng Eurad Bodypack,-6.7899252,107.6829009,Kabupaten Bandung Barat,cafe
Tanpa Nama,-6.7950015,107.6490159,Kabupaten Bandung Barat,cafe
Limasegi Di Pinus,-6.7816582,107.6466239,Kabupaten Bandung Barat,cafe
Coffee 90,-6.8207606,107.6368582,Kabupaten Bandung Barat,cafe
Kopi Kenangan,-6.813598,107.6205341,Kabupaten Bandung Barat,cafe
Gia's Grange,-6.8092269,107.627776,Kabupaten Bandung Barat,cafe
Armor Kopi Badjoeri,-6.8447096,107.5929256,Kabupaten Bandung Barat,cafe
Warkop Modjok,-6.8432539,107.5940792,Kabupaten Bandung Barat,cafe
Tanpa Nama,-6.8402726,107.4785994,Kabupaten Bandung Barat,cafe
Coffee 90,-6.8207584,107.6368559,Kabupaten Bandung Barat,cafe
Teras Brandweer - Art & Nature,-6.8384782,107.5668464,Kabupaten Bandung Barat,cafe
SkyScape Cafe & Eatery,-6.8348201,107.5948805,Kabupaten Bandung Barat,cafe
Kopi Toko Djawa,-6.8111437,107.63459,Kabupaten Bandung Barat,cafe
Mocari Coffee,-6.4523195,107.0417539,Kabupaten Bekasi,cafe
Ewok Steam and Cafe,-6.3232437,106.9621472,Kabupaten Bekasi,cafe
ropisbak ghifari grab,-6.2499015,106.9081626,Kabupaten Bekasi,cafe
Moo Nyusu,-6.3124034,107.0220513,Kabupaten Bekasi,cafe
Susu Moo,-6.3095225,107.0227745,Kabupaten Bekasi,cafe
Happiness Cofee and Food,-6.3139635,107.0215789,Kabupaten Bekasi,cafe
Tanpa Nama,-6.2597323,106.9685996,Kabupaten Bekasi,cafe
Tanpa Nama,-6.2643175,106.9724047,Kabupaten Bekasi,cafe
MOKKA,-6.3999156,106.9758782,Kabupaten Bekasi,cafe
Warbune Jakarta,-6.2521614,106.9224712,Kabupaten Bekasi,cafe
The Coffee Bean & Tea Leaf,-6.1583262,106.9072578,Kabupaten Bekasi,cafe
3 sula coffee bar,-6.2745763,106.9745446,Kabupaten Bekasi,cafe
Tanpa Nama,-6.3478329,107.2042892,Kabupaten Bekasi,cafe
Thai Tea,-6.3525286,106.9367746,Kabupaten Bekasi,cafe
Toko Es Kelapa,-6.3525246,106.9370009,Kabupaten Bekasi,cafe
Warkop Matahari,-6.256954,106.9665451,Kabupaten Bekasi,cafe
3sulacoffeebar,-6.2738349,106.9744638,Kabupaten Bekasi,cafe
kopi ula,-6.2738247,106.9744737,Kabupaten Bekasi,cafe
Boba Story,-6.1608893,106.9901827,Kabupaten Bekasi,cafe
D'nomi Cafe,-6.257776,107.101128,Kabupaten Bekasi,cafe
Maxx Coffee,-6.3341797,107.1638162,Kabupaten Bekasi,cafe
Kopi Terpingkal,-6.2802905,106.9984834,Kabupaten Bekasi,cafe
Starbucks,-6.2489946,106.9561777,Kabupaten Bekasi,cafe
Chatime,-6.2526806,106.9524906,Kabupaten Bekasi,cafe
Kopi Kawaji,-6.2562283,106.934745,Kabupaten Bekasi,cafe
Arung Coffee,-6.262105,106.9445138,Kabupaten Bekasi,cafe
Nara Coffee,-6.2627009,106.9450202,Kabupaten Bekasi,cafe
Oppi Kopi Bekasi,-6.2412654,106.9967179,Kabupaten Bekasi,cafe
Oppi Kopi,-6.3945667,106.9593192,Kabupaten Bekasi,cafe
Kopi Kenangan,-6.2523439,106.9526116,Kabupaten Bekasi,cafe
Janji Jiwa,-6.2524471,106.9525792,Kabupaten Bekasi,cafe
MÜZE Coffee & Eatery,-6.2527554,106.9524735,Kabupaten Bekasi,cafe
Warunk Sugih,-6.2754397,106.951857,Kabupaten Bekasi,cafe
Janji Jiwa,-6.2563015,106.9428356,Kabupaten Bekasi,cafe
Paseban KLM,-6.3669672,106.9311463,Kabupaten Bekasi,cafe
Tanpa Nama,-6.3519607,106.9645393,Kabupaten Bekasi,cafe
Kopi Kenangan,-6.3516934,106.9629657,Kabupaten Bekasi,cafe
Kopi Kenangan,-6.2638968,106.9499675,Kabupaten Bekasi,cafe
Warunk Upnormal,-6.2539045,106.9092704,Kabupaten Bekasi,cafe
Starbucks,-6.2475093,106.9168887,Kabupaten Bekasi,cafe
Starbucks,-6.2517439,106.9789584,Kabupaten Bekasi,cafe
Maxx Coffee,-6.155719,106.908027,Kabupaten Bekasi,cafe
Union,-6.1561084,106.9088631,Kabupaten Bekasi,cafe
J.CO Donuts & Coffee - Ruko Graha Bulevar Summarecon Bekasi,-6.2265487,106.995818,Kabupaten Bekasi,cafe
Simetri Coffee Roasters - Marga Mulya,-6.223477,106.9972105,Kabupaten Bekasi,cafe
Mono Music & Caffee,-6.2486474,106.9811926,Kabupaten Bekasi,cafe
NgopiMura,-6.3170898,107.0252591,Kabupaten Bekasi,cafe
Kopi Kenangan,-6.3204768,107.0163919,Kabupaten Bekasi,cafe
Perpustakaan Yayasan DHARMAIS,-6.2053798,106.9913535,Kabupaten Bekasi,cafe
Timur Coffee,-6.2717457,106.9469746,Kabupaten Bekasi,cafe
warung upnormal,-6.2778152,107.0464575,Kabupaten Bekasi,cafe
Kopi Oi,-6.2592466,107.0549706,Kabupaten Bekasi,cafe
Nord Place,-6.121618,106.902783,Kabupaten Bekasi,cafe
Brewska Cafe,-6.1218574,106.9025415,Kabupaten Bekasi,cafe
Warkop Zaskia,-6.2863773,107.0025858,Kabupaten Bekasi,coffee_shop
Tanpa Nama,-6.2961235,106.9980463,Kabupaten Bekasi,cafe
Starbucks,-6.2689679,107.0363805,Kabupaten Bekasi,cafe
Batavia Cafe,-6.2713202,107.0390023,Kabupaten Bekasi,cafe
Warkop,-6.2584868,106.9956072,Kabupaten Bekasi,cafe
CAFE CEGE by Coffee Grounds,-6.1656078,106.9247833,Kabupaten Bekasi,cafe
Malamig,-6.2553545,106.9754675,Kabupaten Bekasi,cafe
Cafe Bonex,-6.2174516,107.0854682,Kabupaten Bekasi,cafe
Cafe AMBASADOR Karaoke & House music,-6.2182242,107.0858002,Kabupaten Bekasi,cafe
CAFE MAWAR BODAS,-6.2188295,107.0858136,Kabupaten Bekasi,cafe
CAFE DELTA,-6.220276,107.0863856,Kabupaten Bekasi,cafe
Wacika Coffee & Eatery,-6.1301719,106.9010923,Kabupaten Bekasi,cafe
Lembayung Coffee,-6.2783577,107.0339248,Kabupaten Bekasi,cafe
Tanpa Nama,-6.2210367,107.0031469,Kabupaten Bekasi,cafe
Ruwang Coffeehouse,-6.2258639,107.0080091,Kabupaten Bekasi,cafe
The Little Jasmine,-6.25297,107.0025634,Kabupaten Bekasi,cafe
Aunti Anne's,-6.3514047,107.1964896,Kabupaten Bekasi,cafe
Butter Toast,-6.3510021,107.1940568,Kabupaten Bekasi,cafe
Boost Juice,-6.3509302,107.1958458,Kabupaten Bekasi,cafe
Susu Mbok Darmi,-6.3522444,107.19679,Kabupaten Bekasi,cafe
Dum Dum,-6.3520098,107.1971655,Kabupaten Bekasi,cafe
Mad Coco,-6.3508502,107.1945074,Kabupaten Bekasi,cafe
Shake Shake in a Tub,-6.3509302,107.1961623,Kabupaten Bekasi,cafe
Sour Sally,-6.351306,107.195406,Kabupaten Bekasi,cafe
Susuru,-6.351402,107.1962857,Kabupaten Bekasi,cafe
The People's Cafe,-6.3515646,107.1969214,Kabupaten Bekasi,cafe
Starbucks,-6.269079,106.911823,Kabupaten Bekasi,coffee_shop
AIKO Coffee,-6.3763282,106.903066,Kabupaten Bekasi,coffee_shop
Kedai Kopi Prambanan,-6.2608174,107.0052569,Kabupaten Bekasi,cafe
Kopi Harmoni,-6.2282162,106.9644137,Kabupaten Bekasi,cafe
Sudo Brew,-6.1590219,106.9979996,Kabupaten Bekasi,cafe
Tuku,-6.3161642,107.0013253,Kabupaten Bekasi,cafe
Parkiran Stasiun Buaran,-6.2154309,106.9235836,Kabupaten Bekasi,cafe
Warkop 1899,-6.2466464,106.9846029,Kabupaten Bekasi,cafe
Kopi Kenangan,-6.3382231,107.1533734,Kabupaten Bekasi,cafe
Tanpa Nama,-6.2431976,107.1600755,Kabupaten Bekasi,cafe
Janji Jiwa,-6.158197,106.9989336,Kabupaten Bekasi,cafe
Excelso,-6.1598101,106.9979352,Kabupaten Bekasi,cafe
Simetri,-6.1587007,106.9979766,Kabupaten Bekasi,cafe
Starbucks,-6.3278456,107.1271223,Kabupaten Bekasi,cafe
Old Town White Coffee,-6.3321603,107.1397729,Kabupaten Bekasi,cafe
Starbucks,-6.3570107,107.2423598,Kabupaten Bekasi,cafe
The People's Cafe,-6.3566499,107.2438474,Kabupaten Bekasi,cafe
Malaya Kopitiam,-6.3568224,107.2435716,Kabupaten Bekasi,cafe
Cafe Tutur,-6.2613582,106.9954796,Kabupaten Bekasi,cafe
Saat Seduh Coffee,-6.2367158,107.00084,Kabupaten Bekasi,cafe
Warung Teduh,-6.2735185,107.00881,Kabupaten Bekasi,cafe
Kopi Kedubes,-6.2717977,106.9720956,Kabupaten Bekasi,cafe
Warung Babeh Center,-6.4580237,106.9781456,Kabupaten Bekasi,cafe
Mixue,-6.2678293,107.0170655,Kabupaten Bekasi,cafe
Karun,-6.2662398,107.0083911,Kabupaten Bekasi,cafe
Starbucks,-6.2956397,106.9596673,Kabupaten Bekasi,cafe
IEI Rest Room,-6.3277847,107.1152965,Kabupaten Bekasi,cafe
Warkop Bu Kete,-6.364543,107.1179223,Kabupaten Bekasi,cafe
Gallery 31 (MJ SPORT/ B'DISTRO/GF3),-6.2451591,107.1096222,Kabupaten Bekasi,cafe
Kyo Coffee,-6.2552116,106.9100428,Kabupaten Bekasi,cafe
Mako Kiraja,-6.24406,107.1088692,Kabupaten Bekasi,cafe
Starbucks,-6.3118278,106.9244072,Kabupaten Bekasi,cafe
Wacika Coffee & Eatery,-6.1301707,106.9003191,Kabupaten Bekasi,cafe
Dough&Creme,-6.1748327,106.916521,Kabupaten Bekasi,cafe
Cafe Wisma Betawi,-6.122459,106.9389118,Kabupaten Bekasi,cafe
Cafe Coffee Day,-6.2141912,107.0366748,Kabupaten Bekasi,cafe
Samedja,-6.2382323,106.9937061,Kabupaten Bekasi,cafe
Warkop Pertigaan Padang,-6.3524665,106.9367276,Kabupaten Bekasi,coffee_shop
Starbucks Galuh Mas,-6.3260672,107.2923037,Kabupaten Bekasi,cafe
Warung Susu Jahe Mama Egi,-6.3454133,106.9567952,Kabupaten Bekasi,cafe
Dua Arah,-6.4657675,106.9057153,Kabupaten Bekasi,cafe
Kopi Kenangan x Cerita Roti - Dapur Kitchen Bekasi,-6.2359338,107.0002731,Kabupaten Bekasi,cafe
Mr. Jack,-6.2791735,107.0463677,Kabupaten Bekasi,cafe
Starbucks,-6.2790461,107.0479812,Kabupaten Bekasi,cafe
Mono Music & Caffee,-6.2485978,106.981238,Kabupaten Bekasi,cafe
Starbucks,-6.3458157,107.1655295,Kabupaten Bekasi,cafe
Janji Jiwa,-6.2275096,106.9976355,Kabupaten Bekasi,cafe
J.CO Donuts & Coffee,-6.2967187,106.9586369,Kabupaten Bekasi,cafe
Starbucks,-6.2699644,106.9815525,Kabupaten Bekasi,cafe
Starbucks,-6.367145,107.1784088,Kabupaten Bekasi,cafe
Starbucks,-6.1817364,106.9730908,Kabupaten Bekasi,cafe
Ezra Food and Coffee,-6.2665298,106.9706961,Kabupaten Bekasi,cafe
Kopi Nako,-6.2220775,106.997539,Kabupaten Bekasi,cafe
Interaksi Space,-6.2782823,106.9755396,Kabupaten Bekasi,cafe
Kopi Kenangan,-6.2139578,107.0349523,Kabupaten Bekasi,cafe
Coffee Time,-6.2154096,107.0334259,Kabupaten Bekasi,cafe
Miray Cafe,-6.3406553,107.1538872,Kabupaten Bekasi,cafe
Es Kopi Boss,-6.3376592,107.1532999,Kabupaten Bekasi,cafe
King's Coffee,-6.3430385,107.1535303,Kabupaten Bekasi,cafe
Sudut Kedai,-6.4081729,107.0054086,Kabupaten Bekasi,cafe
Starbucks,-6.2483792,106.9568072,Kabupaten Bekasi,cafe
Kopi Kedubes,-6.2718118,106.9720921,Kabupaten Bekasi,cafe
Kopi Kenangan,-6.3290404,107.2957593,Kabupaten Bekasi,cafe
Tator,-6.185756,106.8291834,Kabupaten Bogor,cafe
Bambula,-6.6120429,106.8144126,Kabupaten Bogor,cafe
Tanpa Nama,-6.6217457,106.8175569,Kabupaten Bogor,cafe
Josh Movie Corner,-6.6038305,106.8094459,Kabupaten Bogor,cafe
Tanpa Nama,-6.6160431,106.8152344,Kabupaten Bogor,cafe
Tanpa Nama,-6.6172438,106.8207035,Kabupaten Bogor,cafe
Tanpa Nama,-6.6172699,106.8188179,Kabupaten Bogor,cafe
Tanpa Nama,-6.6187266,106.8205985,Kabupaten Bogor,cafe
Cafe Al Tahrir,-6.2205601,106.8325505,Kabupaten Bogor,cafe
Daily Bread Bakery and Cafe,-6.2180374,106.8345492,Kabupaten Bogor,cafe
Kopi Luwak,-6.2182454,106.8352645,Kabupaten Bogor,cafe
Pandav Coffee;pandav coffe,-6.2182606,106.8346496,Kabupaten Bogor,cafe
Starbucks,-6.2178663,106.8349406,Kabupaten Bogor,cafe
Cafe Cisangkuy,-6.6083985,106.8168459,Kabupaten Bogor,cafe
D'Marco Cafe,-6.1859185,106.8252696,Kabupaten Bogor,cafe
Starbucks,-6.1855314,106.821855,Kabupaten Bogor,cafe
Starbucks,-6.186726,106.8234912,Kabupaten Bogor,cafe
Coffee Toffee,-6.5836791,106.8172173,Kabupaten Bogor,cafe
Starbucks,-6.6017258,106.8064271,Kabupaten Bogor,cafe
Circle K,-6.2771981,106.8403006,Kabupaten Bogor,cafe
7-Eleven,-6.2792824,106.8393199,Kabupaten Bogor,cafe
Rollingstonescafe,-6.276945,106.8201803,Kabupaten Bogor,cafe
Anomali,-6.2652328,106.8204941,Kabupaten Bogor,cafe
FM Kitchen,-6.1940324,106.8470016,Kabupaten Bogor,cafe
Excelso Express,-6.1946364,106.8459773,Kabupaten Bogor,cafe
Jambo Kupi,-6.2980637,106.8401469,Kabupaten Bogor,cafe
The Cake Storage,-6.2258157,106.8574812,Kabupaten Bogor,cafe
Coffee Day STAPALA,-6.2671095,106.7318759,Kabupaten Bogor,cafe
Kenaliwa Coffee,-6.3282232,106.6718815,Kabupaten Bogor,cafe
Eastern KopiTM,-6.2437569,106.6506675,Kabupaten Bogor,cafe
Tanpa Nama,-6.1961683,106.823827,Kabupaten Bogor,cafe
Cafe De Hooi,-6.2845224,106.7809773,Kabupaten Bogor,cafe
Phoenam,-6.187372,106.8273287,Kabupaten Bogor,cafe
Kopi Oey,-6.2542917,106.8308244,Kabupaten Bogor,cafe
Aceh Jame Kupi,-6.2533985,106.842095,Kabupaten Bogor,cafe
Starbucks,-6.2456333,106.7883042,Kabupaten Bogor,cafe
Quintino's Djava,-6.2588589,106.7891995,Kabupaten Bogor,cafe
Quintino's Djava,-6.2594462,106.7893188,Kabupaten Bogor,cafe
Warnet Ichiban,-6.2520357,106.7912139,Kabupaten Bogor,cafe
Anomali Cafe,-6.2673611,106.8154346,Kabupaten Bogor,cafe
Warung Senja,-6.2324953,106.6161648,Kabupaten Bogor,cafe
Titik Temu,-6.2272833,106.8093073,Kabupaten Bogor,cafe
Starbucks,-6.2018613,106.820814,Kabupaten Bogor,cafe
Starbucks,-6.1950168,106.820348,Kabupaten Bogor,cafe
aa,-6.7083278,106.852568,Kabupaten Bogor,cafe
Toodz House - Cipete,-6.277919,106.801822,Kabupaten Bogor,cafe
Starbucks,-6.6156697,106.8038399,Kabupaten Bogor,cafe
Cacaoté,-6.2324674,106.8110623,Kabupaten Bogor,cafe
Tanamera Coffee,-6.1955736,106.8168132,Kabupaten Bogor,cafe
Starbucks,-6.189867,106.7985765,Kabupaten Bogor,cafe
Ketan Susu Kemayoran,-6.1608148,106.8492458,Kabupaten Bogor,cafe
Cosmo Terrace,-6.1942592,106.8161949,Kabupaten Bogor,cafe
Comic Cafe,-6.2283462,106.8550641,Kabupaten Bogor,cafe
What's Up Cafe,-6.1738267,106.7809599,Kabupaten Bogor,cafe
basok solo,-6.1172307,106.7569852,Kabupaten Bogor,cafe
Anomali Coffee Senopati,-6.2307194,106.8081821,Kabupaten Bogor,cafe
Maxx Coffee,-6.2282619,106.6092467,Kabupaten Bogor,cafe
Starbucks,-6.1772243,106.7993695,Kabupaten Bogor,cafe
Beer Brother Kemang,-6.2570259,106.8102532,Kabupaten Bogor,cafe
Beer Garden Radio Dalam,-6.2495071,106.7917067,Kabupaten Bogor,cafe
Caribou Coffee,-6.2302604,106.8040777,Kabupaten Bogor,cafe
Kung Fu Tea,-6.1695519,106.7720808,Kabupaten Bogor,cafe
Crematology Coffee Roasters,-6.2288012,106.8338831,Kabupaten Bogor,cafe
Eat Happens Tebet,-6.2281863,106.85525,Kabupaten Bogor,cafe
Fat Bubble,-6.1122505,106.7424658,Kabupaten Bogor,cafe
Tanpa Nama,-6.2117344,106.8211637,Kabupaten Bogor,cafe
Foresthree,-6.2016475,106.8234352,Kabupaten Bogor,cafe
Roti Bakar Eddy Blok M,-6.2364013,106.7997965,Kabupaten Bogor,cafe
Roti Bakar Eddy Senayan,-6.2231147,106.8021488,Kabupaten Bogor,cafe
Roti Pisang Bakar Bencongan Indah,-6.2112656,106.6022557,Kabupaten Bogor,cafe
Roti Pisang Bakar (Ropisbak) Ghifari,-6.1973271,106.8862803,Kabupaten Bogor,cafe
Shisha Cafe,-6.2569063,106.8148066,Kabupaten Bogor,cafe
Starbucks,-6.1520673,106.8176352,Kabupaten Bogor,cafe
Starbucks,-6.175383,106.8122042,Kabupaten Bogor,cafe
Cafe Batavia,-6.1344159,106.812774,Kabupaten Bogor,cafe
Starbucks Ranch Kebon Jeruk,-6.1888433,106.7559204,Kabupaten Bogor,cafe
Starbucks,-6.1162956,106.7568754,Kabupaten Bogor,cafe
Junkyard Cafe & Bar,-6.2303606,106.8074979,Kabupaten Bogor,cafe
Pao Pao Liquor Bar & Dimsum,-6.2296026,106.8042071,Kabupaten Bogor,cafe
The Cubbyhole Canteen,-6.231402,106.8091969,Kabupaten Bogor,cafe
Kingsman - Hemingway Speakeasy Lounge & Cigar Bar,-6.2329679,106.8117494,Kabupaten Bogor,cafe
Miel Ice Cream,-6.2337635,106.8123599,Kabupaten Bogor,cafe
Mouse Coffee,-6.1594407,106.8193203,Kabupaten Bogor,cafe
Bikun Coffee,-6.3649986,106.831092,Kabupaten Bogor,cafe
Java Aroma Perpustakaan Universitas Indoenesia,-6.365361,106.8297431,Kabupaten Bogor,cafe
Maxx Coffee,-6.2615974,106.8125358,Kabupaten Bogor,cafe
Tanpa Nama,-6.1129305,106.7484644,Kabupaten Bogor,cafe
Starbucks,-6.1075652,106.7793256,Kabupaten Bogor,cafe
reneka,-6.1272766,106.7914672,Kabupaten Bogor,cafe
Starbucks,-6.1274316,106.7912245,Kabupaten Bogor,cafe
Starbucks,-6.2274939,106.6059956,Kabupaten Bogor,cafe
Maxx Coffee,-6.2285122,106.606704,Kabupaten Bogor,cafe
Cafe Durio,-6.4177153,106.8227519,Kabupaten Bogor,cafe
Chillowd (warung kopi),-6.286167,106.818914,Kabupaten Bogor,cafe
Super Kue,-6.5617881,106.7310791,Kabupaten Bogor,cafe
Tanpa Nama,-6.1114084,106.7380904,Kabupaten Bogor,cafe
Tanpa Nama,-6.3171389,106.7124672,Kabupaten Bogor,cafe
Tanpa Nama,-6.2372272,106.6306359,Kabupaten Bogor,cafe
Starbucks,-6.1229121,106.6511594,Kabupaten Bogor,cafe
Luccini,-6.1231169,106.6510362,Kabupaten Bogor,cafe
OldTown White Coffee,-6.122367,106.651567,Kabupaten Bogor,cafe
Tanpa Nama,-6.1530503,106.7141157,Kabupaten Bogor,cafe
Tanpa Nama,-6.8214677,107.1426426,Kabupaten Bogor,cafe
OldTown White Coffee,-6.146867,106.8182327,Kabupaten Bogor,cafe
Starbucks,-6.1436283,106.8479705,Kabupaten Bogor,cafe
Tanpa Nama,-6.2290692,106.8718068,Kabupaten Bogor,cafe
Mezza,-6.2191613,106.8369075,Kabupaten Bogor,cafe
La Terrasse,-6.237344,106.870225,Kabupaten Bogor,cafe
Tanpa Nama,-6.2030987,106.8318787,Kabupaten Bogor,cafe
Tanpa Nama,-6.7043191,106.9702212,Kabupaten Bogor,cafe
Tanpa Nama,-6.1353738,106.8128097,Kabupaten Bogor,cafe
Starbucks,-6.137492,106.8145021,Kabupaten Bogor,cafe
Tanpa Nama,-6.1192703,106.6647585,Kabupaten Bogor,cafe
Tanpa Nama,-6.119825,106.6643812,Kabupaten Bogor,cafe
Tanpa Nama,-6.1195519,106.6641692,Kabupaten Bogor,cafe
Krispy Kreme,-6.1182935,106.6662593,Kabupaten Bogor,cafe
Tanpa Nama,-6.1187544,106.6651809,Kabupaten Bogor,cafe
Old Town White Coffee,-6.1184352,106.6659327,Kabupaten Bogor,cafe
Starbucks,-6.1181208,106.6669433,Kabupaten Bogor,cafe
Tanpa Nama,-6.1182439,106.6671912,Kabupaten Bogor,cafe
Tanpa Nama,-6.1182001,106.6679139,Kabupaten Bogor,cafe
Kupi Aceh 88,-6.2964042,106.8408791,Kabupaten Bogor,cafe
Tanpa Nama,-6.195661,106.828576,Kabupaten Bogor,cafe
Tanpa Nama,-6.150518,106.8177081,Kabupaten Bogor,cafe
Tanpa Nama,-6.295109,106.7932884,Kabupaten Bogor,cafe
Starbucks,-6.246386,106.7942813,Kabupaten Bogor,cafe
The Coffee Bean & Tea Leaf,-6.2626982,106.7882637,Kabupaten Bogor,cafe
Anomali Coffee,-6.2627432,106.7842439,Kabupaten Bogor,cafe
XI Cafe,-6.1225528,106.8908881,Kabupaten Bogor,cafe
Pujasera Kasimura,-6.1508168,106.7319326,Kabupaten Bogor,cafe
Tanpa Nama,-6.1446583,106.7341133,Kabupaten Bogor,cafe
Bakso Cah Solo,-6.1509603,106.7307988,Kabupaten Bogor,cafe
Tanpa Nama,-6.3963765,106.8193076,Kabupaten Bogor,cafe
Warteg,-6.1454046,106.7318369,Kabupaten Bogor,cafe
Pecel Lele Lamongan,-6.1511425,106.7312105,Kabupaten Bogor,cafe
Mie Ayam Bakso Tito,-6.3949056,106.8183495,Kabupaten Bogor,cafe
Ayam Bakar Mas Karso,-6.3948463,106.8183555,Kabupaten Bogor,cafe
Warkop Gaul,-6.3935217,106.8204225,Kabupaten Bogor,cafe
Warkop Gunung City,-6.3965591,106.8192221,Kabupaten Bogor,cafe
Mie Aceh Serambi,-6.3953038,106.8196573,Kabupaten Bogor,cafe
Bakso Rudal Mie Ayam Wonogiri,-6.3988399,106.8175507,Kabupaten Bogor,cafe
Tanpa Nama,-6.1881878,106.7379651,Kabupaten Bogor,cafe
Tanpa Nama,-6.1882891,106.7385231,Kabupaten Bogor,cafe
Starbucks,-6.1872683,106.7341858,Kabupaten Bogor,cafe
Tanpa Nama,-6.1876079,106.7342173,Kabupaten Bogor,cafe
Bakso Wonogiri,-6.1476971,106.7323743,Kabupaten Bogor,cafe
Mie Ayam Mantili,-6.1478676,106.7323276,Kabupaten Bogor,cafe
Warung Bakso Lare Wonogiri,-6.1454663,106.7316964,Kabupaten Bogor,cafe
Bubur Ayam Cengkareng,-6.1513169,106.7310428,Kabupaten Bogor,cafe
Geray Cafe,-6.3946102,106.8143171,Kabupaten Bogor,cafe
Bakso Kincir,-6.1474931,106.7320727,Kabupaten Bogor,cafe
Bakso Kuah & Bakar Moro Seneng,-6.3753782,106.8495719,Kabupaten Bogor,cafe
Warung Edi,-6.3723747,106.8494116,Kabupaten Bogor,cafe
Warung Soesoe,-6.3724866,106.8494184,Kabupaten Bogor,cafe
Roti Bakar Jangkung,-6.372448,106.8494157,Kabupaten Bogor,cafe
Temoe Santai,-6.2276088,106.7986514,Kabupaten Bogor,cafe
Delico,-6.2311203,106.8277291,Kabupaten Bogor,cafe
Chatime,-6.1739797,106.7881287,Kabupaten Bogor,cafe
Starbucks,-6.1742387,106.7884592,Kabupaten Bogor,cafe
Tanpa Nama,-6.1682139,106.8610612,Kabupaten Bogor,cafe
Tanpa Nama,-6.1676874,106.7636794,Kabupaten Bogor,cafe
Tanpa Nama,-6.3633382,106.8288329,Kabupaten Bogor,cafe
Tanpa Nama,-6.1764583,106.7910485,Kabupaten Bogor,cafe
Bengawan Solo,-6.2652691,106.8853836,Kabupaten Bogor,cafe
Aa Bakery & Cafe,-6.2490977,106.6722299,Kabupaten Bogor,cafe
Tanpa Nama,-6.5927619,106.8030735,Kabupaten Bogor,cafe
Roti'O,-6.1927676,106.8037369,Kabupaten Bogor,cafe
Tanpa Nama,-6.1481957,106.8268752,Kabupaten Bogor,cafe
Tanpa Nama,-6.1498622,106.7800385,Kabupaten Bogor,cafe
Tanpa Nama,-6.1659002,106.7942845,Kabupaten Bogor,cafe
Tanpa Nama,-6.3926012,106.8207789,Kabupaten Bogor,cafe
Chief,-6.2380914,106.808936,Kabupaten Bogor,cafe
Doppio,-6.2388714,106.8093012,Kabupaten Bogor,cafe
J.Co,-6.30177,106.6548027,Kabupaten Bogor,cafe
Ice Only,-6.360147,106.8165614,Kabupaten Bogor,cafe
Green T Cafe,-6.3653117,106.8298142,Kabupaten Bogor,cafe
Cato Coffee,-6.3653263,106.8297887,Kabupaten Bogor,coffee_shop
Al Berkah Cafe,-6.353942,106.7762701,Kabupaten Bogor,cafe
Cakra Cafe & Resto,-6.3627813,106.7821881,Kabupaten Bogor,cafe
Tanpa Nama,-6.2133197,106.7722224,Kabupaten Bogor,cafe
Chatime - BINUS Syahdan,-6.2007649,106.7853278,Kabupaten Bogor,cafe
The Coffee Bean & Tea Leaf,-6.1663337,106.7852894,Kabupaten Bogor,cafe
Tanpa Nama,-6.2894337,106.7951855,Kabupaten Bogor,cafe
Starbucks,-6.2021083,106.7810279,Kabupaten Bogor,cafe
Tanpa Nama,-6.2384245,106.8518906,Kabupaten Bogor,cafe
Tanpa Nama,-6.2405983,106.845272,Kabupaten Bogor,cafe
Tanpa Nama,-6.2346666,106.8464575,Kabupaten Bogor,cafe
Tanpa Nama,-6.5955754,106.8057135,Kabupaten Bogor,cafe
Holland Bakery,-6.816482,107.1346554,Kabupaten Bogor,cafe
Point Cafe,-6.1772278,106.7896519,Kabupaten Bogor,cafe
Starbucks,-6.2733592,106.7231821,Kabupaten Bogor,cafe
Kulo,-6.1739038,106.7822863,Kabupaten Bogor,cafe
Starbucks,-6.2244488,106.7989029,Kabupaten Bogor,cafe
Jing Jing,-6.2513981,106.8616082,Kabupaten Bogor,cafe
Good Hood,-6.2025844,106.8009123,Kabupaten Bogor,cafe
Tanpa Nama,-6.1778014,106.6303363,Kabupaten Bogor,cafe
Tanpa Nama,-6.175877,106.8117672,Kabupaten Bogor,cafe
Tanpa Nama,-6.1770499,106.8158482,Kabupaten Bogor,cafe
Starbucks,-6.1648817,106.8205706,Kabupaten Bogor,cafe
Tanpa Nama,-6.1545509,106.8182631,Kabupaten Bogor,cafe
Tess,-6.2546318,106.8238076,Kabupaten Bogor,cafe
Tanpa Nama,-6.178053,106.7982164,Kabupaten Bogor,cafe
Starbucks,-6.2007002,106.8545634,Kabupaten Bogor,cafe
Starbucks,-6.2003463,106.8434876,Kabupaten Bogor,cafe
Tanpa Nama,-6.1973209,106.8523539,Kabupaten Bogor,cafe
Starbucks,-6.1880008,106.8366042,Kabupaten Bogor,cafe
Tanpa Nama,-6.1874166,106.8265823,Kabupaten Bogor,cafe
Tanpa Nama,-6.5917991,106.8044584,Kabupaten Bogor,cafe
Tanpa Nama,-6.1828953,106.8134743,Kabupaten Bogor,cafe
Janji Jiwa,-6.2013601,106.8224126,Kabupaten Bogor,cafe
Tanpa Nama,-6.2149808,106.8192883,Kabupaten Bogor,cafe
Starbucks,-6.2143545,106.8198501,Kabupaten Bogor,cafe
Starbucks,-6.2262092,106.8322419,Kabupaten Bogor,cafe
Starbucks,-6.2278596,106.8256635,Kabupaten Bogor,cafe
Sudut Sedjenak - Tebet,-6.2227388,106.846999,Kabupaten Bogor,cafe
Starbucks,-6.2102133,106.8505391,Kabupaten Bogor,cafe
Starbucks,-6.2331815,106.8447702,Kabupaten Bogor,cafe
Tanpa Nama,-6.1632218,106.826812,Kabupaten Bogor,cafe
Starbucks,-6.1341771,106.8320959,Kabupaten Bogor,cafe
Starbucks,-6.2282039,106.8197066,Kabupaten Bogor,cafe
Starbucks,-6.2337177,106.8234813,Kabupaten Bogor,cafe
Lime Café & Bar,-6.2272552,106.8195651,Kabupaten Bogor,cafe
Kopi Kenangan,-6.1937875,106.7978325,Kabupaten Bogor,cafe
Cali Social Area,-6.2106578,106.6192911,Kabupaten Bogor,cafe
Starbucks,-6.197776,106.8372442,Kabupaten Bogor,cafe
Tanpa Nama,-6.1993622,106.8370622,Kabupaten Bogor,cafe
Studio Coffee,-6.2228247,106.8469856,Kabupaten Bogor,cafe
Starbucks,-6.2765304,106.7973776,Kabupaten Bogor,cafe
Tanpa Nama,-6.272973,106.7975124,Kabupaten Bogor,cafe
Tanpa Nama,-6.118605,106.787983,Kabupaten Bogor,cafe
Tanpa Nama,-6.104669,106.7352335,Kabupaten Bogor,cafe
Duwe,-6.2229487,106.8220298,Kabupaten Bogor,cafe
Starbucks,-6.2240888,106.8225877,Kabupaten Bogor,cafe
Starbucks,-6.2249559,106.8295132,Kabupaten Bogor,cafe
Starbucks,-6.2251203,106.8282387,Kabupaten Bogor,cafe
Starbucks,-6.2293902,106.853132,Kabupaten Bogor,cafe
Tanpa Nama,-6.2248797,106.8293249,Kabupaten Bogor,cafe
Tanpa Nama,-6.2285616,106.8559431,Kabupaten Bogor,cafe
AUTOKOFFIE,-6.2405908,106.8543759,Kabupaten Bogor,cafe
J.CO,-6.2727252,106.7418256,Kabupaten Bogor,cafe
Starbucks,-6.2722793,106.7421173,Kabupaten Bogor,cafe
Fore,-6.173979,106.7880166,Kabupaten Bogor,cafe
Tanpa Nama,-6.1756763,106.8222827,Kabupaten Bogor,cafe
Starbucks,-6.2986959,106.6694461,Kabupaten Bogor,cafe
Chatime,-6.1893698,106.7963808,Kabupaten Bogor,cafe
Marcoffee,-6.18889,106.7965976,Kabupaten Bogor,cafe
Starbucks,-6.1967199,106.8288484,Kabupaten Bogor,cafe
Ya Kun Kaya Toast,-6.1965755,106.8284631,Kabupaten Bogor,cafe
Tomoro,-6.1964719,106.828882,Kabupaten Bogor,cafe
Wake Cup,-6.1128085,106.7433605,Kabupaten Bogor,cafe
Bright Cafe,-6.2423069,106.852385,Kabupaten Bogor,cafe
Tanpa Nama,-6.1496344,106.7319675,Kabupaten Bogor,cafe
Tanpa Nama,-6.3058402,106.7937512,Kabupaten Bogor,cafe
Starbucks,-6.2037926,106.7167127,Kabupaten Bogor,cafe
Kedai Sholawat Bogor,-6.5804486,106.7968691,Kabupaten Bogor,cafe
Pison,-6.233564,106.8118782,Kabupaten Bogor,cafe
Tanpa Nama,-6.1543898,106.7310081,Kabupaten Bogor,cafe
Tanpa Nama,-6.2160857,106.7697194,Kabupaten Bogor,cafe
Kopi Wolu,-6.2023619,106.8007785,Kabupaten Bogor,cafe
Chatime,-6.2659903,106.7850557,Kabupaten Bogor,cafe
Quickly,-6.2662802,106.7846742,Kabupaten Bogor,cafe
The Coffee Bean & Tea Leaf,-6.2661234,106.7847121,Kabupaten Bogor,cafe
Starbucks,-6.2647977,106.7842117,Kabupaten Bogor,cafe
J.CO,-6.1799075,106.643281,Kabupaten Bogor,cafe
Starbucks,-6.1795077,106.6433278,Kabupaten Bogor,cafe
Chokat,-6.1732833,106.7834595,Kabupaten Bogor,cafe
Cafe Ruang Tengah,-6.3267163,106.7466797,Kabupaten Bogor,cafe
Starbucks,-6.1667291,106.8338302,Kabupaten Bogor,cafe
Gulu-Gulu,-6.2014822,106.7825514,Kabupaten Bogor,cafe
Tanpa Nama,-6.2343558,106.824568,Kabupaten Bogor,cafe
Kopi Janji Jiwa,-6.2015344,106.7825553,Kabupaten Bogor,cafe
Tanpa Nama,-6.318444,106.8954759,Kabupaten Bogor,cafe
Tanpa Nama,-6.2255234,106.821062,Kabupaten Bogor,cafe
Caffe Bene,-6.227582,106.8262623,Kabupaten Bogor,cafe
Caffe Bene,-6.2292811,106.827873,Kabupaten Bogor,cafe
Chaiholics,-6.2272507,106.8272123,Kabupaten Bogor,cafe
Starbucks,-6.224475,106.8254497,Kabupaten Bogor,cafe
Tanpa Nama,-6.1023726,106.6687356,Kabupaten Bogor,cafe
Tanpa Nama,-6.1068349,106.658312,Kabupaten Bogor,cafe
Starbucks,-6.11358,106.6867898,Kabupaten Bogor,cafe
Tanpa Nama,-6.1043793,106.6640841,Kabupaten Bogor,cafe
Morale,-6.2312121,106.8272022,Kabupaten Bogor,cafe
Tanpa Nama,-6.2356148,106.8264512,Kabupaten Bogor,cafe
Starbucks,-6.1683845,106.7868136,Kabupaten Bogor,cafe
Tanpa Nama,-6.2282795,106.8278127,Kabupaten Bogor,cafe
Haus!,-6.200538,106.7876233,Kabupaten Bogor,cafe
Tanpa Nama,-6.1286419,106.6578846,Kabupaten Bogor,cafe
Tanpa Nama,-6.1288287,106.6578863,Kabupaten Bogor,cafe
Tanpa Nama,-6.1290498,106.6578268,Kabupaten Bogor,cafe
Tanpa Nama,-6.1282862,106.6579479,Kabupaten Bogor,cafe
Tanpa Nama,-6.1286974,106.6578823,Kabupaten Bogor,cafe
Starbucks,-6.2337461,106.8217989,Kabupaten Bogor,cafe
Fore,-6.1289669,106.6578554,Kabupaten Bogor,cafe
Tanpa Nama,-6.1289099,106.6578525,Kabupaten Bogor,cafe
Tanpa Nama,-6.2245702,106.822692,Kabupaten Bogor,cafe
Tanpa Nama,-6.2256455,106.8232307,Kabupaten Bogor,cafe
Tanpa Nama,-6.2254624,106.8243213,Kabupaten Bogor,cafe
The People's Cafe,-6.226851,106.8262326,Kabupaten Bogor,cafe
Starbucks,-6.304031,106.8867368,Kabupaten Bogor,cafe
Tanpa Nama,-6.3030718,106.8852864,Kabupaten Bogor,cafe
Tanpa Nama,-6.290876,106.8811521,Kabupaten Bogor,cafe
Tanpa Nama,-6.2091329,106.8181348,Kabupaten Bogor,cafe
Tanpa Nama,-6.2249546,106.8296328,Kabupaten Bogor,cafe
Tanpa Nama,-6.2275325,106.8254954,Kabupaten Bogor,cafe
Tanpa Nama,-6.2290373,106.8231133,Kabupaten Bogor,cafe
Tanpa Nama,-6.2278654,106.8253754,Kabupaten Bogor,cafe
Tanpa Nama,-6.2183412,106.8197637,Kabupaten Bogor,cafe
Tanpa Nama,-6.2278429,106.8253427,Kabupaten Bogor,cafe
Tanpa Nama,-6.2226178,106.8214768,Kabupaten Bogor,cafe
Tanpa Nama,-6.2276708,106.8256079,Kabupaten Bogor,cafe
Tjikini,-6.1876938,106.8367507,Kabupaten Bogor,cafe
D2 bakery,-6.165169,106.8136109,Kabupaten Bogor,cafe
Starbucks,-6.2667007,106.7839466,Kabupaten Bogor,cafe
Mucca,-6.201881,106.7876898,Kabupaten Bogor,cafe
Tanpa Nama,-6.1144424,106.680601,Kabupaten Bogor,cafe
Tanpa Nama,-6.2256425,106.823358,Kabupaten Bogor,cafe
Tanpa Nama,-6.1243445,106.6336242,Kabupaten Bogor,cafe
Tanpa Nama,-6.2899011,106.801672,Kabupaten Bogor,cafe
Kopi Kangen,-6.2024636,106.7803245,Kabupaten Bogor,cafe
Starbucks,-6.2169046,106.8162818,Kabupaten Bogor,cafe
Starbucks,-6.2213856,106.8193326,Kabupaten Bogor,cafe
Tanpa Nama,-6.2276061,106.825545,Kabupaten Bogor,cafe
GlekGeek - Kemanggisan,-6.2008133,106.7844835,Kabupaten Bogor,cafe
Fika (fi:ka) Kedai Kopi,-6.2007788,106.7833195,Kabupaten Bogor,cafe
CO.CHOC,-6.2008195,106.7831602,Kabupaten Bogor,cafe
Tanpa Nama,-6.221777,106.8213908,Kabupaten Bogor,cafe
Tanpa Nama,-6.2425898,106.7960569,Kabupaten Bogor,cafe
Tanpa Nama,-6.129028,106.6333419,Kabupaten Bogor,cafe
Kopi Kenangan,-6.2274953,106.8328977,Kabupaten Bogor,cafe
Tanpa Nama,-6.2334055,106.8229375,Kabupaten Bogor,cafe
The Coffee Bean & Tea Leaf,-6.1948752,106.8202405,Kabupaten Bogor,cafe
Metro,-6.2010732,106.8223529,Kabupaten Bogor,cafe
Tanpa Nama,-6.1947826,106.820293,Kabupaten Bogor,cafe
Tanpa Nama,-6.2090341,106.8181363,Kabupaten Bogor,cafe
Tanpa Nama,-6.2249159,106.8294029,Kabupaten Bogor,cafe
Starbucks,-6.190581,106.7977491,Kabupaten Bogor,cafe
Tanpa Nama,-6.2246156,106.825451,Kabupaten Bogor,cafe
Tanpa Nama,-6.2226172,106.8214436,Kabupaten Bogor,cafe
Tanpa Nama,-6.2080592,106.8188922,Kabupaten Bogor,cafe
Tanoniha Coffee Shelter,-6.230363,106.8215947,Kabupaten Bogor,cafe
Tanpa Nama,-6.1944547,106.6343257,Kabupaten Bogor,cafe
Starbucks,-6.2147854,106.6768434,Kabupaten Bogor,cafe
Keep On,-6.1876679,106.7770461,Kabupaten Bogor,cafe
Kedai Kopi Kulo,-6.20228,106.7823934,Kabupaten Bogor,cafe
Pom Pom Thai Tea Pakembangan - Palmerah,-6.2041587,106.7930008,Kabupaten Bogor,cafe
HAUS!,-6.2007732,106.785052,Kabupaten Bogor,cafe
TamTam Thai Tea,-6.200849,106.7840356,Kabupaten Bogor,cafe
Chokat,-6.2007569,106.7837507,Kabupaten Bogor,cafe
Kopi Bae,-6.2007574,106.7836224,Kabupaten Bogor,cafe
Kopi Pak Budi,-6.2007463,106.7838354,Kabupaten Bogor,cafe
Sans Express,-6.2007817,106.7849644,Kabupaten Bogor,cafe
Starbucks,-6.1740288,106.7802885,Kabupaten Bogor,cafe
Hula,-6.2012798,106.7825369,Kabupaten Bogor,cafe
Sanubari Kopi,-6.2269573,106.7200437,Kabupaten Bogor,cafe
CoffeeNyaa,-6.2025945,106.7832276,Kabupaten Bogor,cafe
Oldwest Coffee,-6.1945381,106.7874925,Kabupaten Bogor,cafe
Sans,-6.1944112,106.7872472,Kabupaten Bogor,cafe
Cafe 99,-6.1975468,106.8174118,Kabupaten Bogor,cafe
Fore Coffee,-6.1977928,106.8174673,Kabupaten Bogor,cafe
Tanpa Nama,-6.2235393,106.8453665,Kabupaten Bogor,cafe
Eat Well & Coffee,-6.1916202,106.8387506,Kabupaten Bogor,cafe
Tanpa Nama,-6.1696472,106.7829542,Kabupaten Bogor,cafe
Kedai Malacca,-6.2007803,106.7830134,Kabupaten Bogor,cafe
Arah Kopi,-6.2007639,106.7852382,Kabupaten Bogor,cafe
Kopi Gawe,-6.2009919,106.7824992,Kabupaten Bogor,cafe
Cecemuwe Cafe & Space,-6.2360907,106.7933692,Kabupaten Bogor,cafe
Lugu Kopi,-6.2036877,106.7828334,Kabupaten Bogor,cafe
BREATH! Cofffe NOW,-6.1778445,106.6322141,Kabupaten Bogor,cafe
Kopi Uti,-6.1931635,106.803974,Kabupaten Bogor,cafe
Tanpa Nama,-6.2479284,106.802445,Kabupaten Bogor,cafe
Tanpa Nama,-6.2295054,106.8056199,Kabupaten Bogor,cafe
Haro Coffee,-6.2004804,106.782708,Kabupaten Bogor,cafe
Y2K,-6.2008061,106.7828567,Kabupaten Bogor,cafe
Boba Zilla,-6.2016426,106.7828635,Kabupaten Bogor,cafe
Tanpa Nama,-6.1340907,106.8137458,Kabupaten Bogor,cafe
Lokal,-6.2651006,106.7846936,Kabupaten Bogor,cafe
Hop Hop,-6.2660907,106.7843295,Kabupaten Bogor,cafe
Kreasi Kopi Nusantara,-6.2014334,106.7825461,Kabupaten Bogor,cafe
Kopi Lain Hati,-6.2022937,106.7818994,Kabupaten Bogor,cafe
Warkop Kang Mamat,-6.2076579,106.7900855,Kabupaten Bogor,cafe
Kopi Bae,-6.2053208,106.7830258,Kabupaten Bogor,cafe
CO.CHOC,-6.1739799,106.7801998,Kabupaten Bogor,cafe
Janji Jiwa,-6.1892501,106.7996772,Kabupaten Bogor,cafe
Kiri Desu,-6.2211326,106.8333089,Kabupaten Bogor,cafe
Fore Coffee,-6.2214736,106.8335048,Kabupaten Bogor,cafe
Xi Bo Ba,-6.2204066,106.832938,Kabupaten Bogor,cafe
Starbucks,-6.2267873,106.6081468,Kabupaten Bogor,cafe
Ya Kun Kaya Toast,-6.2666493,106.7841325,Kabupaten Bogor,cafe
Tanpa Nama,-6.1578644,106.6675328,Kabupaten Bogor,cafe
Toby's Estate,-6.1092545,106.7399853,Kabupaten Bogor,cafe
Social Affair,-6.1089291,106.7402133,Kabupaten Bogor,cafe
T2,-6.1107457,106.7414927,Kabupaten Bogor,cafe
Chatime,-6.1120433,106.7524428,Kabupaten Bogor,cafe
Bake and Brew,-6.1119847,106.7528853,Kabupaten Bogor,cafe
Haus!,-6.1693167,106.7914931,Kabupaten Bogor,cafe
99 CUPS Coffee,-6.1697167,106.790042,Kabupaten Bogor,cafe
HALU COFfEE (KOPI HALU),-6.1698313,106.7894627,Kabupaten Bogor,cafe
Kedai Saudara Coffee,-6.1694353,106.7910102,Kabupaten Bogor,cafe
Tanpa Nama,-6.5516542,106.7351151,Kabupaten Bogor,cafe
Tanpa Nama,-6.5516518,106.734588,Kabupaten Bogor,cafe
Starbucks,-6.2460356,106.787701,Kabupaten Bogor,cafe
ikost kupii,-6.3057368,106.6842808,Kabupaten Bogor,cafe
Fore Coffee - COHIVE 101,-6.2263677,106.8252922,Kabupaten Bogor,cafe
Shisha Cafe Semanggi,-6.2217975,106.8152486,Kabupaten Bogor,cafe
Shisha Cafe Menteng,-6.1968987,106.8287768,Kabupaten Bogor,cafe
Shisha Cafe Citos,-6.2917359,106.8003556,Kabupaten Bogor,cafe
Warung Bang Jek,-6.3031308,106.6923934,Kabupaten Bogor,cafe
Haus!,-6.3005133,106.6896649,Kabupaten Bogor,cafe
Snatch It,-6.3006192,106.686683,Kabupaten Bogor,cafe
Rummah Go'a,-6.2903228,106.7270319,Kabupaten Bogor,cafe
Starbucks,-6.2866437,106.6658762,Kabupaten Bogor,cafe
Fortis,-6.2126687,106.8038638,Kabupaten Bogor,cafe
Kopi Kenangan,-6.2122748,106.8049682,Kabupaten Bogor,cafe
Kakatuwa Cofee & Drinks,-6.2331642,106.8323775,Kabupaten Bogor,cafe
Jesse & Chaz Cafe,-6.2945969,106.7233343,Kabupaten Bogor,cafe
Top Model Collection,-6.2061482,106.6497128,Kabupaten Bogor,cafe
Ombee Alam Sutra,-6.2061684,106.6497555,Kabupaten Bogor,cafe
Dua Bintang Snack & Drink,-6.2075096,106.6495633,Kabupaten Bogor,cafe
Kedai Angkringan NACA Cafe SEBLAK,-6.2100259,106.6481903,Kabupaten Bogor,cafe
Warung Nongkie,-6.2089418,106.6484425,Kabupaten Bogor,cafe
Warunk Kepo Jus dan Sop Buah,-6.2093039,106.6483491,Kabupaten Bogor,cafe
NICE STORY,-6.2096382,106.6484262,Kabupaten Bogor,cafe
Warung Paul,-6.2101001,106.648209,Kabupaten Bogor,cafe
Kopi Kenangan,-6.3141988,106.6964225,Kabupaten Bogor,cafe
KOPITARIA,-6.1117246,106.7475443,Kabupaten Bogor,cafe
Teraskopi,-6.3002768,106.6857104,Kabupaten Bogor,cafe
KOPI ACEH KARIM,-6.2523182,106.7911084,Kabupaten Bogor,cafe
Good Morning,-6.1330299,106.6944853,Kabupaten Bogor,cafe
Korcis corndog food & drinks,-6.2506522,106.7000824,Kabupaten Bogor,cafe
Kopi Darat Pamulang,-6.3414446,106.7378054,Kabupaten Bogor,cafe
Meraki,-6.284169,106.7693035,Kabupaten Bogor,cafe
Flavorpath,-6.2693046,106.6888983,Kabupaten Bogor,cafe
Rey's Cafe,-6.4250612,106.8254709,Kabupaten Bogor,cafe
Anamcara Coffee,-6.227511,106.781852,Kabupaten Bogor,cafe
Chatime,-6.3445867,106.8339455,Kabupaten Bogor,cafe
Starbucks,-6.3018896,106.6544329,Kabupaten Bogor,cafe
Kenangan Signature,-6.3018036,106.6541989,Kabupaten Bogor,cafe
Sajiwa Coffee & Tea,-6.208207,106.8325878,Kabupaten Bogor,cafe
Kay's Cafe,-6.1630025,106.8324007,Kabupaten Bogor,cafe
Kopi Oey,-6.665544,106.8690369,Kabupaten Bogor,cafe
Koffie Haus - Sunter,-6.1375731,106.8665629,Kabupaten Bogor,cafe
Kopi Kenangan,-6.2588657,106.6200507,Kabupaten Bogor,cafe
Prolog coffe,-6.5735899,106.8115032,Kabupaten Bogor,cafe
C for cupcake and coffee,-6.1110755,106.7777263,Kabupaten Bogor,cafe
The Coffee Mine,-6.1973252,106.8406838,Kabupaten Bogor,cafe
Kopi Baru,-6.5519775,106.7336896,Kabupaten Bogor,cafe
Botani Kopi Nusantara,-6.5596798,106.7250365,Kabupaten Bogor,cafe
Rumah Kopi Ranin,-6.5515847,106.7323457,Kabupaten Bogor,cafe
Tanpa Nama,-6.2051551,106.8030965,Kabupaten Bogor,cafe
Tous Les Jours - Botani Square Bogor,-6.6018561,106.8075223,Kabupaten Bogor,cafe
Raindear Coffeehouse - Kantor Pos,-6.6066717,106.8099051,Kabupaten Bogor,cafe
Pison - Kebon Melati,-6.1976682,106.8225748,Kabupaten Bogor,cafe
Kopi Kotak - Tebet Barat,-6.238863,106.8491398,Kabupaten Bogor,cafe
Kopi Bajawa Flores - Tebet Timur,-6.2322751,106.8562878,Kabupaten Bogor,cafe
Warunk Upnormal - Tebet,-6.2258265,106.8575323,Kabupaten Bogor,cafe
Kopi Nako - Depok,-6.3969628,106.8205295,Kabupaten Bogor,cafe
Kopi Nako,-6.2410999,106.6533074,Kabupaten Bogor,cafe
Kopi Kotak Margonda Depok - Pondok Cina,-6.3617588,106.8336924,Kabupaten Bogor,cafe
Oi Coffee Eatery - Tugu,-6.3542183,106.8367235,Kabupaten Bogor,cafe
Starbucks,-6.1937737,106.821699,Kabupaten Bogor,cafe
Yan Kedai Kopi,-6.1863319,106.8252759,Kabupaten Bogor,cafe
O Good Coffee,-6.1658981,106.7946396,Kabupaten Bogor,cafe
Roti Vien - Bakery & Coffee - Cihuni,-6.2682433,106.6303369,Kabupaten Bogor,cafe
Starbucks,-6.2199317,106.6143289,Kabupaten Bogor,cafe
Roti Bakar 88 - Taman Sari Lippo Karawaci,-6.2290911,106.6078867,Kabupaten Bogor,cafe
Munim Poris,-6.1705337,106.6796089,Kabupaten Bogor,cafe
Teguk - Sudimara,-6.2976351,106.7132628,Kabupaten Bogor,cafe
Mixue,-6.1363945,106.8141299,Kabupaten Bogor,cafe
Kafe Pedjuang!,-6.2889684,106.7736029,Kabupaten Bogor,cafe
Starbucks,-6.2925014,106.7835856,Kabupaten Bogor,cafe
Pelangi cafe shop,-6.486104,106.7882572,Kabupaten Bogor,cafe
Cafe Bar 2001,-6.1380632,106.7611021,Kabupaten Bogor,cafe
Mata Kopi Coffee Shop - Pondok Karya,-6.2737798,106.7421446,Kabupaten Bogor,cafe
Kopi Kenangan,-6.1358677,106.8139854,Kabupaten Bogor,cafe
Xing Fu Tang,-6.1413439,106.8125232,Kabupaten Bogor,cafe
Kopi Nako - Tebet,-6.2420002,106.8524815,Kabupaten Bogor,cafe
Kopi Kenangan,-6.2078465,106.7939137,Kabupaten Bogor,cafe
Harris Cafe - Harris Suites Puri Mansion,-6.1800279,106.7245354,Kabupaten Bogor,cafe
Dinobites Cafe,-6.1654234,106.7711665,Kabupaten Bogor,cafe
Cafe Kitsune - Ashta District 8,-6.2301298,106.8070996,Kabupaten Bogor,cafe
Titik Temu Coffee - Cipete,-6.278046,106.8076627,Kabupaten Bogor,cafe
Djournal Coffee,-6.2443248,106.8028953,Kabupaten Bogor,cafe
Point Coffee - Indomaret Kebon Jeruk Episentrum (TPO8),-6.1908738,106.7675124,Kabupaten Bogor,cafe
Point Coffee,-6.247331,106.8667853,Kabupaten Bogor,cafe
Starbucks,-6.2772053,106.7767511,Kabupaten Bogor,cafe
Starbucks,-6.1978926,106.7040903,Kabupaten Bogor,cafe
Starbucks,-6.2569251,106.8282401,Kabupaten Bogor,cafe
Starbucks,-6.2416557,106.8415977,Kabupaten Bogor,cafe
Starbucks,-6.2274898,106.8253803,Kabupaten Bogor,cafe
Bruen Coffee Kitchen,-6.2325768,106.8760141,Kabupaten Bogor,cafe
Kopi Kenangan,-6.2319742,106.8200886,Kabupaten Bogor,cafe
Fore Coffee,-6.2236789,106.8783838,Kabupaten Bogor,cafe
The Harvest Express,-6.2393958,106.8323658,Kabupaten Bogor,cafe
Janji Jiwa,-6.2572517,106.8147315,Kabupaten Bogor,cafe
D corne,-6.2445604,106.7983704,Kabupaten Bogor,cafe
Imperial Cakery,-6.2186382,106.8317128,Kabupaten Bogor,cafe
Tahta Coffee Mayapada Hospital Kuningan,-6.2185338,106.8316997,Kabupaten Bogor,cafe
Janji Jiwa,-6.1713312,106.7594543,Kabupaten Bogor,cafe
Wax Presso,-6.1764749,106.7903194,Kabupaten Bogor,cafe
The Gade Coffee and Gold,-6.1828398,106.8247362,Kabupaten Bogor,cafe
Starbucks,-6.1834056,106.8248928,Kabupaten Bogor,cafe
Ai-Cha,-6.1739684,106.7878936,Kabupaten Bogor,cafe
Starbucks,-6.1451938,106.8770233,Kabupaten Bogor,cafe
The Cortado Coffee Shop,-6.2007341,106.783668,Kabupaten Bogor,cafe
Mior Cafe,-6.1945155,106.8561749,Kabupaten Bogor,cafe
Filosofi Kopi Pos Bloc,-6.166904,106.8335014,Kabupaten Bogor,cafe
Bercy Cafe,-6.1623503,106.8312705,Kabupaten Bogor,cafe
Starbucks,-6.1586591,106.8525738,Kabupaten Bogor,cafe
Tomokofi - Aeropolis,-6.1433484,106.6276865,Kabupaten Bogor,cafe
Starbuck,-6.1903793,106.589857,Kabupaten Bogor,cafe
Chatime,-6.3042564,106.8868932,Kabupaten Bogor,cafe
Kopi Kenangan,-6.1199142,106.6750581,Kabupaten Bogor,cafe
Starbucks,-6.2428896,106.8482506,Kabupaten Bogor,cafe
Menantea,-6.5763098,106.8074003,Kabupaten Bogor,cafe
Blue Sky Premier Lounge Domestic,-6.1173516,106.6671737,Kabupaten Bogor,cafe
Warkop Jeruk Purut,-6.2796558,106.8158326,Kabupaten Bogor,cafe
Starbucks,-6.147104,106.8156989,Kabupaten Bogor,cafe
Galo Kedai Kopi,-6.2528005,106.7999732,Kabupaten Bogor,cafe
Saudagar Kopi Sabang,-6.1847027,106.8248773,Kabupaten Bogor,cafe
Jambo Kupi,-6.2729394,106.8150611,Kabupaten Bogor,cafe
IKEA Café,-6.1773879,106.7932013,Kabupaten Bogor,cafe
Starbucks,-6.2957197,106.6669928,Kabupaten Bogor,cafe
Blue Sky Premier Lounge Domestic,-6.1156416,106.67148,Kabupaten Bogor,cafe
LTG by esterakyat,-6.2444747,106.7943665,Kabupaten Bogor,cafe
Kellon Sundulangit,-6.2594006,106.7819358,Kabupaten Bogor,cafe
Selawaktu Coffee,-6.2355017,106.8571075,Kabupaten Bogor,cafe
Jalankekopi Cibadak,-6.8937763,106.7858383,Kabupaten Bogor,cafe
The Coffee Bean & Tea Leaf,-6.2429401,106.8477353,Kabupaten Bogor,cafe
Starbucks,-6.2450531,106.875405,Kabupaten Bogor,cafe
Warung Kopi Bang Ari,-6.2369413,106.8473008,Kabupaten Bogor,cafe
Starbucks,-6.177194,106.830939,Kabupaten Bogor,cafe
Warkop TIO,-6.4332554,106.792115,Kabupaten Bogor,cafe
Warung Makan Madam,-6.402614,106.797378,Kabupaten Bogor,cafe
Warung Bu Maria,-6.4408738,106.7915391,Kabupaten Bogor,cafe
Toko Berkah Abadi Makmur Sentosa,-6.471887,106.8031498,Kabupaten Bogor,cafe
Kedai Kopi Limo,-6.3780433,106.7702476,Kabupaten Bogor,cafe
Warkop Berkah,-6.4634006,106.8028125,Kabupaten Bogor,cafe
Warkop TAJA,-6.4102043,106.8007091,Kabupaten Bogor,cafe
Kamari Odd Space,-6.2768929,106.8157238,Kabupaten Bogor,cafe
Dapoer One Home Stay,-6.2997363,106.791659,Kabupaten Bogor,cafe
Angkringan,-6.4142762,106.7980506,Kabupaten Bogor,cafe
Angkringan,-6.4161595,106.7971893,Kabupaten Bogor,cafe
Warkop Barokah,-6.3768771,106.7703317,Kabupaten Bogor,cafe
Warkop Malik,-6.4034561,106.7858883,Kabupaten Bogor,cafe
Hei Cheese,-6.1451518,106.812626,Kabupaten Bogor,cafe
Anthology Cafe,-6.5750934,106.864427,Kabupaten Bogor,cafe
Memories Cafe,-6.1847356,106.8294463,Kabupaten Bogor,cafe
Janji Jiwa,-6.2178485,106.8674786,Kabupaten Bogor,cafe
Roomy Kitchen,-6.3684358,106.8352991,Kabupaten Bogor,cafe
Warkop Nero,-6.439024,106.7971544,Kabupaten Bogor,cafe
Jetlag Cart Corner,-6.119507,106.6635393,Kabupaten Bogor,cafe
Warkop 76,-6.4266782,106.7963114,Kabupaten Bogor,cafe
Kopi Kenangan,-6.269127,106.8698036,Kabupaten Bogor,cafe
Starbucks,-6.5757095,106.838392,Kabupaten Bogor,cafe
Warung Gondrong,-6.4516205,106.7991092,Kabupaten Bogor,cafe
Warung Mamah Vero,-6.4416713,106.7979997,Kabupaten Bogor,cafe
Mixue,-6.1436689,106.7357612,Kabupaten Bogor,cafe
Mixue,-6.1311124,106.7346427,Kabupaten Bogor,cafe
Holmes Cafe,-6.2214587,106.8215086,Kabupaten Bogor,cafe
Gang Rantai,-6.4962051,106.7533706,Kabupaten Bogor,cafe
Kopi Kenangan,-6.3202397,106.6817867,Kabupaten Bogor,cafe
Ryuko,-6.2327601,106.6586235,Kabupaten Bogor,cafe
1/15 Coffee,-6.2933628,106.6337863,Kabupaten Bogor,cafe
Afterseven,-6.2936134,106.632928,Kabupaten Bogor,cafe
Kopi Se-Indonesia,-6.2832824,106.6327898,Kabupaten Bogor,cafe
Kafe Pendekar,-6.2408357,106.6565569,Kabupaten Bogor,cafe
INDORAMA,-6.3141667,106.7342505,Kabupaten Bogor,cafe
Warkop Gira,-6.4354023,106.8084074,Kabupaten Bogor,cafe
Warkop Neng Sari,-6.4378001,106.7969935,Kabupaten Bogor,cafe
Warung Teh Ida Dinata,-6.450231,106.7859379,Kabupaten Bogor,cafe
Warkop Gifary,-6.4292967,106.8022984,Kabupaten Bogor,cafe
Mixue,-6.2209654,106.8331498,Kabupaten Bogor,cafe
Sour Sally,-6.2215363,106.8331008,Kabupaten Bogor,cafe
Landscape Cafe,-6.1162102,106.6814505,Kabupaten Bogor,cafe
Mixue Tebet,-6.2277059,106.8550896,Kabupaten Bogor,cafe
Kopi d'Pule,-6.5348433,106.7739675,Kabupaten Bogor,cafe
Warkop PANGHEGAR,-6.4142453,106.7930962,Kabupaten Bogor,cafe
Chatime,-6.2423897,106.8555506,Kabupaten Bogor,cafe
DK PALACE,-6.5358763,106.7392737,Kabupaten Bogor,cafe
Haski und Kolli Vending Machine,-6.3093127,106.6625593,Kabupaten Bogor,cafe
Cafe Steam,-6.4113207,106.799887,Kabupaten Bogor,cafe
Haus!,-6.227831,106.8560886,Kabupaten Bogor,cafe
Koultoura Coffee Wang Plaza,-6.1727813,106.7660028,Kabupaten Bogor,coffee_shop
Warung Dipo,-6.4133725,106.8140815,Kabupaten Bogor,cafe
jhonlbf coffeeshop,-6.2425846,106.6657571,Kabupaten Bogor,cafe
Teguk,-6.2412739,106.7521234,Kabupaten Bogor,cafe
Joffee Coffee&Eatery,-6.58403,106.8072343,Kabupaten Bogor,cafe
Kopi Kenangan,-6.2369536,106.7531527,Kabupaten Bogor,cafe
Warkop D SAS,-6.3165511,106.7151134,Kabupaten Bogor,cafe
Warung Kopi Bukit Serua,-6.3171302,106.72129,Kabupaten Bogor,cafe
N.O.B Cafe,-6.3018224,106.6534963,Kabupaten Bogor,cafe
The People's Cafe,-6.3017025,106.6536498,Kabupaten Bogor,cafe
Tanpa Nama,-6.2202406,106.8150298,Kabupaten Bogor,cafe
Paul,-6.302135,106.6544506,Kabupaten Bogor,cafe
Fore,-6.3022686,106.6540794,Kabupaten Bogor,cafe
Tamper,-6.3020899,106.6537033,Kabupaten Bogor,cafe
Biggby Coffee,-6.2407598,106.6286544,Kabupaten Bogor,cafe
Biggby Coffee,-6.2122701,106.8040043,Kabupaten Bogor,cafe
Biggby Coffee,-6.1160253,106.7778366,Kabupaten Bogor,cafe
Biggby Coffee,-6.1893274,106.7388021,Kabupaten Bogor,cafe
Biggby Coffee,-6.2268907,106.6066876,Kabupaten Bogor,cafe
Kalceri Cafe Serpong,-6.3470679,106.6578075,Kabupaten Bogor,cafe
Kapé Kapal,-6.6461376,106.8696606,Kabupaten Bogor,cafe
Nineteen Grams Coffee,-6.1875381,106.7771421,Kabupaten Bogor,cafe
One Kaf,-6.113104,106.6892867,Kabupaten Bogor,cafe
Weirdough Bakehouse,-6.2536808,106.8015431,Kabupaten Bogor,cafe
Tator Café,-6.2531017,106.8016915,Kabupaten Bogor,cafe
Layàna,-6.291304,106.796022,Kabupaten Bogor,cafe
Meneer's Koffie,-6.3406743,106.8858291,Kabupaten Bogor,cafe
Rumangsa,-6.2936507,106.8022231,Kabupaten Bogor,cafe
Coffee Grounds JKT,-6.1406513,106.8720954,Kabupaten Bogor,cafe
Point Coffee,-6.1862917,106.8871339,Kabupaten Bogor,cafe
Vilo Gelato,-6.1753747,106.8028877,Kabupaten Bogor,cafe
Liberica,-6.1815091,106.8247437,Kabupaten Bogor,cafe
Kopi Nako,-6.2262951,106.8191707,Kabupaten Bogor,cafe
New Batavia Cafe,-6.134113,106.8135548,Kabupaten Bogor,cafe
Tanamera,-6.2236254,106.8096599,Kabupaten Bogor,cafe
Hoshino Coffee,-6.2239782,106.8234868,Kabupaten Bogor,cafe
Saturday,-6.2244365,106.8229499,Kabupaten Bogor,cafe
Starbucks,-6.2195788,106.803209,Kabupaten Bogor,cafe
Starbucks,-6.1222507,106.8439011,Kabupaten Bogor,cafe
Tea Well,-6.2019171,106.7805263,Kabupaten Bogor,cafe
Pick Cup,-6.2294328,106.8205197,Kabupaten Bogor,cafe
Tanpa Nama,-6.3177586,106.8783178,Kabupaten Bogor,cafe
% Arabica,-6.1763273,106.7910754,Kabupaten Bogor,cafe
Kopi Janji Jiwa,-6.2444262,106.866283,Kabupaten Bogor,coffee_shop
Ceng's Cafe,-6.401732,106.8876957,Kabupaten Bogor,cafe
Kook n Kleen,-6.5655605,106.8589116,Kabupaten Bogor,cafe
Toby's Estate,-6.1805473,106.7925757,Kabupaten Bogor,cafe
Tanpa Nama,-6.1595763,106.8128671,Kabupaten Bogor,coffee_shop
Janji Jiwa,-6.1740536,106.7836691,Kabupaten Bogor,cafe
Sudutsatu Cafe,-6.1740724,106.7800541,Kabupaten Bogor,cafe
Starbucks,-6.2007042,106.8224542,Kabupaten Bogor,cafe
Tanpa Nama,-6.1128496,106.8950878,Kabupaten Bogor,cafe
Excelso,-6.2859964,106.7282644,Kabupaten Bogor,cafe
Djournal Coffee,-6.2857325,106.7282698,Kabupaten Bogor,cafe
Fore,-6.2852433,106.7282107,Kabupaten Bogor,cafe
Starbucks,-6.2854192,106.7282228,Kabupaten Bogor,cafe
Starbucks,-6.2938641,106.7848996,Kabupaten Bogor,cafe
Warkop Sainoni,-6.4439194,106.774264,Kabupaten Bogor,cafe
Kedai Transisi,-6.5544112,106.6964045,Kabupaten Bogor,cafe
Rotiboy,-6.1776406,106.7926819,Kabupaten Bogor,cafe
Jakarta Coffee House,-6.1873724,106.8281014,Kabupaten Bogor,cafe
Kopi Toko Djawa (Menteng),-6.1872151,106.8305702,Kabupaten Bogor,cafe
Kapitan Lim Resto dan Kopi,-6.1869113,106.8153128,Kabupaten Bogor,cafe
Tokyo Gaming Space Sunter,-6.1396186,106.8588182,Kabupaten Bogor,cafe
Sidecar Coffee,-6.2742325,106.6565426,Kabupaten Bogor,cafe
Kisaku,-6.2443595,106.8027268,Kabupaten Bogor,cafe
Cotti Coffee,-6.2440832,106.8026935,Kabupaten Bogor,cafe
Kopi Kenangan,-6.2438958,106.8027039,Kabupaten Bogor,cafe
Tomoro,-6.244482,106.8031879,Kabupaten Bogor,cafe
di.bawahtangga,-6.2445182,106.8031191,Kabupaten Bogor,cafe
Tomoro Coffee,-6.6101916,106.8044558,Kabupaten Bogor,cafe
TAMANI SALEMBA,-6.1973438,106.8523867,Kabupaten Bogor,cafe
TAMANI KEMANG,-6.255484,106.8099358,Kabupaten Bogor,cafe
TAMANI TOMANG,-6.178066,106.7981796,Kabupaten Bogor,cafe
Tamani WTC 6,-6.2149107,106.8193338,Kabupaten Bogor,cafe
TAMANI PLAZA SENAYAN,-6.225075,106.7992642,Kabupaten Bogor,cafe
TAMANI MALL ARTHA GADING,-6.1459113,106.8917171,Kabupaten Bogor,cafe
TAMANI PONDOK INDAH MALL 2,-6.266318,106.7832393,Kabupaten Bogor,cafe
TAMANI CINERE,-6.3273187,106.785338,Kabupaten Bogor,cafe
TAMANI KOTA KASABLANKA,-6.2233267,106.8423554,Kabupaten Bogor,cafe
TAMANI CITRA GARDEN 6,-6.127284,106.7137144,Kabupaten Bogor,cafe
DAPUR PUSAT TAMANI KAFE,-6.1652207,106.7581883,Kabupaten Bogor,cafe
Balai Coffee,-6.3059997,106.6796909,Kabupaten Bogor,cafe
Kopi Rang Kayo,-6.5687722,106.8549043,Kabupaten Bogor,cafe
HARRIS Cafe,-6.2228278,106.8479191,Kabupaten Bogor,cafe
Warkop Selera Kita,-6.3212145,106.8579226,Kabupaten Bogor,cafe
Kopi Nongkrong,-6.3246458,106.8561558,Kabupaten Bogor,cafe
Point Coffee,-6.1733588,106.8436849,Kabupaten Bogor,cafe
Point Coffee,-6.1759822,106.8305042,Kabupaten Bogor,cafe
Kulo,-6.2446034,106.746083,Kabupaten Bogor,coffee_shop
Kura Coffee and Kitchen,-6.6230446,106.7926529,Kabupaten Bogor,cafe
Djauw Coffee,-6.1419655,106.8136979,Kabupaten Bogor,cafe
warung indomie (Warmindo),-6.1285541,106.7956994,Kabupaten Bogor,cafe
Captain Barbershop,-6.1978217,106.7520802,Kabupaten Bogor,cafe
Uwaaa HQ,-6.1384759,106.7026324,Kabupaten Bogor,cafe
Starbucks,-6.1692957,106.789605,Kabupaten Bogor,cafe
Janji Jiwa,-6.163574,106.7717329,Kabupaten Bogor,cafe
Toko Kopi TUKU - SPBU bp Lenteng Agung,-6.3209292,106.8360394,Kabupaten Bogor,cafe
Kafe Sigma,-6.5597514,106.7349236,Kabupaten Bogor,cafe
Mie Aceh Anjoeng Kupi 02,-6.5689956,106.7542329,Kabupaten Bogor,cafe
Your Tea,-6.5726445,106.7444247,Kabupaten Bogor,cafe
Kopi Kenangan,-6.5724209,106.7426888,Kabupaten Bogor,cafe
Bittersweet by Najla,-6.5728047,106.7448217,Kabupaten Bogor,cafe
Susu Mbok Darmi,-6.5728353,106.7452119,Kabupaten Bogor,cafe
Petik Harapan Coffee Shop,-6.5706945,106.7394031,Kabupaten Bogor,cafe
Belvarosma Cafe,-6.5668696,106.7362921,Kabupaten Bogor,cafe
Zama House,-6.5709885,106.739765,Kabupaten Bogor,cafe
Kopi Nu Sae,-6.5717641,106.7402039,Kabupaten Bogor,cafe
Es Teh Indonesia,-6.5721584,106.7404331,Kabupaten Bogor,cafe
Kafe Taman,-6.5697716,106.7391596,Kabupaten Bogor,cafe
Haus!,-6.5629873,106.7325974,Kabupaten Bogor,cafe
D'sruput,-6.5722984,106.7404899,Kabupaten Bogor,cafe
Your Tea,-6.5735154,106.7411001,Kabupaten Bogor,cafe
Point Coffee,-6.5690662,106.7423265,Kabupaten Bogor,cafe
Gorillaz Cafe,-6.5716889,106.7510233,Kabupaten Bogor,cafe
Warmindo Miko,-6.5717029,106.750923,Kabupaten Bogor,cafe
Forest Coffee,-6.5632327,106.7517525,Kabupaten Bogor,cafe
Kopi dari Hati & Toast,-6.57026,106.766919,Kabupaten Bogor,cafe
Can Ngopi,-6.5695325,106.7668299,Kabupaten Bogor,cafe
Kopi Kenangan,-6.5706424,106.7676379,Kabupaten Bogor,cafe
Kopi Abu Amad,-6.5692268,106.7665435,Kabupaten Bogor,cafe
D'Sruput,-6.5739877,106.7702349,Kabupaten Bogor,cafe
Janji Jiwa Toast,-6.5811481,106.777723,Kabupaten Bogor,cafe
Makkah,-6.5839225,106.773473,Kabupaten Bogor,cafe
Warunk Kopi Pemuda,-6.5825559,106.7687678,Kabupaten Bogor,cafe
Your Tea,-6.5790184,106.7550208,Kabupaten Bogor,cafe
Point Coffee,-6.5878933,106.759203,Kabupaten Bogor,cafe
Point Coffee,-6.6016558,106.7606586,Kabupaten Bogor,cafe
Bean Spot,-6.5557637,106.761902,Kabupaten Bogor,cafe
Teguk,-6.5552081,106.7614346,Kabupaten Bogor,cafe
Bean Spot,-6.5526427,106.7609934,Kabupaten Bogor,cafe
Bean Spot,-6.5607206,106.7143524,Kabupaten Bogor,cafe
Kopi Dari Hati,-6.5609565,106.7149472,Kabupaten Bogor,cafe
Fore Coffee,-6.5725989,106.7453055,Kabupaten Bogor,cafe
Cerita Nona Coffee & Eatery,-6.5857134,106.7715522,Kabupaten Bogor,cafe
Bean Spot,-6.579907,106.7626289,Kabupaten Bogor,cafe
Bean Spot,-6.5627991,106.7180391,Kabupaten Bogor,cafe
Rayyan Corner,-6.5628723,106.7221536,Kabupaten Bogor,cafe
Chatime,-6.5561421,106.7758428,Kabupaten Bogor,cafe
Waffelicious,-6.5560848,106.7756791,Kabupaten Bogor,cafe
Tomoro Coffee,-6.5562793,106.7756563,Kabupaten Bogor,cafe
Toko Kopi TUKU - SPBU bp Sholeh Iskandar,-6.5565938,106.7794812,Kabupaten Bogor,cafe
Ruang Tengah,-6.5566317,106.7824236,Kabupaten Bogor,cafe
JCo,-6.5585456,106.7852023,Kabupaten Bogor,cafe
Harmony Juice and Salad Bar,-6.5576303,106.7726684,Kabupaten Bogor,cafe
Chatime,-6.5570961,106.7715324,Kabupaten Bogor,cafe
Chigo X Flip,-6.557657,106.7727287,Kabupaten Bogor,cafe
Summer Mini Bar,-6.5608199,106.7800076,Kabupaten Bogor,cafe
Sari Rasa Johar,-6.5576343,106.7780368,Kabupaten Bogor,cafe
Taste of Tokyo,-6.5608446,106.7800089,Kabupaten Bogor,cafe
Cafe Therapy,-6.5593364,106.7790178,Kabupaten Bogor,cafe
Kopi Aceh,-6.5628837,106.7816786,Kabupaten Bogor,cafe
Tanpa Nama,-6.5652212,106.7832591,Kabupaten Bogor,cafe
Background Coffee & Munch,-6.5658694,106.7837935,Kabupaten Bogor,cafe
Point Coffee,-6.5653291,106.7830063,Kabupaten Bogor,cafe
Susu Mbok Darmi,-6.56596,106.7835192,Kabupaten Bogor,cafe
Point Coffee,-6.5700248,106.7861377,Kabupaten Bogor,cafe
Bean Spot,-6.5695652,106.782897,Kabupaten Bogor,cafe
Surabi Duren Bang Kumis,-6.5917748,106.7757274,Kabupaten Bogor,cafe
Byon Coffee & Eatery,-6.5915583,106.7755531,Kabupaten Bogor,cafe
Tomoro Coffee,-6.5681916,106.7377473,Kabupaten Bogor,cafe
Haus,-6.5904009,106.7859195,Kabupaten Bogor,cafe
Savana,-6.5860628,106.7828071,Kabupaten Bogor,cafe
Kedai De Javu 88,-6.5851109,106.7817195,Kabupaten Bogor,cafe
Waroeng Uncal,-6.5852887,106.7819501,Kabupaten Bogor,cafe
Btari Coffee,-6.5825669,106.7787288,Kabupaten Bogor,cafe
Teras Semboja,-6.5891636,106.7833436,Kabupaten Bogor,cafe
Maa Maa Milk Corner,-6.5721192,106.7429066,Kabupaten Bogor,cafe
Homing Brew,-6.5722324,106.7428341,Kabupaten Bogor,cafe
Es Oyen,-6.5721552,106.7429213,Kabupaten Bogor,cafe
Raja Softi,-6.5722271,106.7427523,Kabupaten Bogor,cafe
Bean Spot,-6.6553058,106.8611035,Kabupaten Bogor,cafe
Jiwa Toast,-6.6550647,106.8612,Kabupaten Bogor,cafe
Kopi Kenangan,-6.6550048,106.8613543,Kabupaten Bogor,cafe
Bean Spot,-6.6545605,106.8618947,Kabupaten Bogor,cafe
Bean Spot,-6.6538166,106.8646333,Kabupaten Bogor,cafe
Kafe Tenda,-6.6531545,106.8662654,Kabupaten Bogor,cafe
Dha Noodle,-6.6538992,106.8750791,Kabupaten Bogor,cafe
Arimbi Coffee,-6.6540337,106.8734792,Kabupaten Bogor,cafe
Kopi Cinta,-6.6539618,106.8770573,Kabupaten Bogor,cafe
Bean Spot,-6.6513722,106.8867306,Kabupaten Bogor,cafe
Kopi Kenangan,-6.6513389,106.8850985,Kabupaten Bogor,cafe
Point Coffee,-6.6512357,106.8859729,Kabupaten Bogor,cafe
Kopilao,-6.6498596,106.8991969,Kabupaten Bogor,cafe
Kopicentrum,-6.5586922,106.7312618,Kabupaten Bogor,cafe
Saras Cafe Dramaga,-6.5649761,106.7345897,Kabupaten Bogor,cafe
Bean Spot,-6.5892968,106.7876659,Kabupaten Bogor,cafe
Kopi Kenangan,-6.5954631,106.7897084,Kabupaten Bogor,cafe
Shu Coffee,-6.5921092,106.7879777,Kabupaten Bogor,cafe
The Gade Coffe & Gold,-6.5843748,106.7878302,Kabupaten Bogor,cafe
Melati Coffee & Beauty,-6.5826708,106.7899827,Kabupaten Bogor,cafe
Kanca,-6.5810681,106.7953947,Kabupaten Bogor,cafe
Point Coffee,-6.5822019,106.7968766,Kabupaten Bogor,cafe
Wedang Ronde Gg Aut,-6.5816263,106.7969001,Kabupaten Bogor,cafe
Kopi Kenangan,-6.5818848,106.7968545,Kabupaten Bogor,cafe
Bean Spot,-6.5827228,106.7969424,Kabupaten Bogor,cafe
Janji Jiwa Toast,-6.586134,106.7970376,Kabupaten Bogor,cafe
Tomoro Coffee,-6.5890164,106.7968538,Kabupaten Bogor,cafe
Yung Bangka Es,-6.5892135,106.7968445,Kabupaten Bogor,cafe
Bean Spot,-6.5917122,106.796473,Kabupaten Bogor,cafe
Point Coffee,-6.5805798,106.796473,Kabupaten Bogor,cafe
Point Coffee,-6.5703912,106.7982868,Kabupaten Bogor,cafe
Warung Kopi Pemuda,-6.5790824,106.7965581,Kabupaten Bogor,cafe
Kawula Coffee,-6.5720239,106.7976028,Kabupaten Bogor,cafe
Circuloo Coffee & Cat,-6.5737293,106.7966601,Kabupaten Bogor,cafe
Oopy Malabar,-6.5739651,106.7967211,Kabupaten Bogor,cafe
Anami Coffe,-6.5756991,106.8001483,Kabupaten Bogor,cafe
Seremoni,-6.5711186,106.8003595,Kabupaten Bogor,cafe
Aumont Kofie,-6.5708362,106.8043506,Kabupaten Bogor,cafe
Tentang Kopi Latte,-6.57025,106.804761,Kabupaten Bogor,cafe
Coffe Right,-6.5746459,106.8010321,Kabupaten Bogor,cafe
Sejenak Coffee,-6.5706737,106.8045303,Kabupaten Bogor,cafe
Mamang Coffee,-6.5707016,106.8027332,Kabupaten Bogor,cafe
Bango Coffee House,-6.5713465,106.8026662,Kabupaten Bogor,cafe
Bhumi Living Space,-6.5726255,106.8029438,Kabupaten Bogor,cafe
Kopi Surplus,-6.5737526,106.8016282,Kabupaten Bogor,cafe
The Teras Dara,-6.575815,106.8004721,Kabupaten Bogor,cafe
Serenity Coffee,-6.5763172,106.7998961,Kabupaten Bogor,cafe
Cafe Makaroni Nachos,-6.5801435,106.7983143,Kabupaten Bogor,cafe
Sweet Pot & Coffee,-6.5802195,106.7982821,Kabupaten Bogor,cafe
Et Al Coffee,-6.5721285,106.7982942,Kabupaten Bogor,cafe
Tomoro Coffee,-6.5692961,106.8081406,Kabupaten Bogor,cafe
Bean Spot,-6.5700488,106.8090914,Kabupaten Bogor,cafe
Yuu Cafe,-6.568975,106.8075062,Kabupaten Bogor,cafe
Kopi Kenangan,-6.5788859,106.8065648,Kabupaten Bogor,cafe
Point Coffee,-6.589845,106.8050145,Kabupaten Bogor,cafe
Sequoia Coffee,-6.5842442,106.805744,Kabupaten Bogor,cafe
Klappertaart Huize Cafe,-6.5889711,106.8047047,Kabupaten Bogor,cafe
Artisan Coffee Indonesia,-6.5956829,106.8063274,Kabupaten Bogor,cafe
Janji Jiwa,-6.5953685,106.8059841,Kabupaten Bogor,cafe
BooTheIn Coffe,-6.5951487,106.8053149,Kabupaten Bogor,cafe
Usisatoko,-6.5949595,106.8059988,Kabupaten Bogor,cafe
Kopi Ketan,-6.5950367,106.8059801,Kabupaten Bogor,cafe
Kawula Coffee,-6.5975813,106.8058433,Kabupaten Bogor,cafe
Kopitagram,-6.5949675,106.8062443,Kabupaten Bogor,cafe
Brascoff Coffee & Space,-6.5970491,106.8048656,Kabupaten Bogor,cafe
Auntie Anne's,-6.6013435,106.8072514,Kabupaten Bogor,cafe
Susu Mbok Darmi,-6.6011663,106.8075907,Kabupaten Bogor,cafe
Joomba,-6.6014114,106.8073305,Kabupaten Bogor,cafe
J.Co,-6.6012569,106.8071508,Kabupaten Bogor,cafe
Share Tea,-6.6012702,106.8076377,Kabupaten Bogor,cafe
Warkop Gemintan,-6.572804,106.7473443,Kabupaten Bogor,cafe
Askara Coffee & Kitchen,-6.5773804,106.7577177,Kabupaten Bogor,cafe
Serasa Coffee,-6.5594756,106.7495122,Kabupaten Bogor,cafe
Genus Coffee & Boutique,-6.5612289,106.7492688,Kabupaten Bogor,cafe
Bean Spot,-6.5604002,106.7896313,Kabupaten Bogor,cafe
Ciforu,-6.5596062,106.7495155,Kabupaten Bogor,cafe
Point Coffee,-6.5608119,106.7912815,Kabupaten Bogor,cafe
Monero Cafe,-6.5630622,106.796528,Kabupaten Bogor,cafe
Bean Spot,-6.5663077,106.8097781,Kabupaten Bogor,cafe
Kedai Tjangkir Kodja,-6.5618664,106.806841,Kabupaten Bogor,cafe
Bean Spot,-6.5616366,106.807641,Kabupaten Bogor,cafe
Jawara Bakery & Coffee,-6.5674988,106.8091303,Kabupaten Bogor,cafe
KOBA Coffee,-6.6008792,106.7921472,Kabupaten Bogor,cafe
Favela Sunset Cafe,-6.6014301,106.793141,Kabupaten Bogor,cafe
Janji Jiwa,-6.5962131,106.7904393,Kabupaten Bogor,cafe
Point Coffee,-6.5956909,106.7899244,Kabupaten Bogor,cafe
Tomoro Coffee,-6.5961998,106.7903773,Kabupaten Bogor,cafe
Maraca Books & Coffee,-6.5933062,106.8031517,Kabupaten Bogor,cafe
Niji Coffee Bar,-6.593935,106.7898647,Kabupaten Bogor,cafe
Stuck Coffee & Drinks,-6.5936619,106.8032576,Kabupaten Bogor,cafe
Samsara,-6.5938597,106.8035144,Kabupaten Bogor,cafe
Dimitree Coffee Eatery,-6.5895979,106.8025086,Kabupaten Bogor,cafe
Bean Spot,-6.6078327,106.7959097,Kabupaten Bogor,cafe
Arah Kopi,-6.6048485,106.7958507,Kabupaten Bogor,cafe
Chatime,-6.6045847,106.7961766,Kabupaten Bogor,cafe
89 Cafe,-6.6095885,106.7982291,Kabupaten Bogor,cafe
Tomoro Coffee,-6.6047366,106.7957836,Kabupaten Bogor,cafe
Outspoken Coffee Crew,-6.6095305,106.7981822,Kabupaten Bogor,cafe
Anak Kampung Cafe,-6.6503998,106.903304,Kabupaten Bogor,cafe
Coffe Nampol,-6.65018,106.9043642,Kabupaten Bogor,cafe
Warung Kopi Iteung,-6.6511378,106.9068821,Kabupaten Bogor,cafe
Kopi Gunung Express,-6.658963,106.9143929,Kabupaten Bogor,cafe
Bean Spot,-6.6590423,106.9141261,Kabupaten Bogor,cafe
Es Teh Indonesia,-6.6591988,106.9146672,Kabupaten Bogor,cafe
Kopi Korelasi,-6.6618236,106.9183888,Kabupaten Bogor,cafe
House of Rumi,-6.6598255,106.9157434,Kabupaten Bogor,cafe
Bean Spot,-6.6703673,106.9268659,Kabupaten Bogor,cafe
Bean Spot,-6.6697812,106.9262443,Kabupaten Bogor,cafe
Bean Spot,-6.6712657,106.9271509,Kabupaten Bogor,cafe
Point Coffee,-6.6792145,106.9308972,Kabupaten Bogor,cafe
Kopi Kenangan,-6.6824086,106.9342212,Kabupaten Bogor,cafe
Janji Jiwa,-6.68237,106.9341776,Kabupaten Bogor,cafe
Bean Spot,-6.6861788,106.9446087,Kabupaten Bogor,cafe
Cafe Enam Sembilan,-6.6840563,106.9485059,Kabupaten Bogor,cafe
Bean Spot,-6.6871039,106.95737,Kabupaten Bogor,cafe
Kamannana Cafe,-6.6881855,106.9588713,Kabupaten Bogor,cafe
Bean Spot,-6.6947521,106.966297,Kabupaten Bogor,cafe
Bean Spot,-6.5968259,106.7792706,Kabupaten Bogor,cafe
Tomoro Coffee,-6.5980236,106.7789863,Kabupaten Bogor,cafe
Daily Brew Express,-6.6143777,106.8037002,Kabupaten Bogor,cafe
Bean Spot,-6.6012809,106.7791841,Kabupaten Bogor,cafe
XiBoba,-6.613266,106.8031624,Kabupaten Bogor,cafe
Warnabumi Sub-Tea-Coffee,-6.6009838,106.782962,Kabupaten Bogor,cafe
Bean Spot,-6.6049991,106.7921332,Kabupaten Bogor,cafe
Janji Jiwa,-6.615157,106.8038195,Kabupaten Bogor,cafe
Bean Spot,-6.6009418,106.7827106,Kabupaten Bogor,cafe
Exclusive Cafe & Karaoke,-6.6172538,106.8115295,Kabupaten Bogor,cafe
Bean Spot,-6.6171653,106.8050721,Kabupaten Bogor,cafe
Kopi Nako,-6.6232413,106.8090002,Kabupaten Bogor,cafe
Kanakala Kopi,-6.6156193,106.8095018,Kabupaten Bogor,cafe
Cinta Lagi Coffee,-6.6233079,106.8118038,Kabupaten Bogor,cafe
Holly Tea,-6.6173291,106.8116067,Kabupaten Bogor,cafe
Kopi Dari Hati,-6.6128597,106.8075471,Kabupaten Bogor,cafe
Kupi Noken,-6.6163726,106.8105821,Kabupaten Bogor,cafe
Kedai Kopi Hopeng,-6.6121749,106.806548,Kabupaten Bogor,cafe
Jawara Bakery & Coffee,-6.6114582,106.8062335,Kabupaten Bogor,cafe
Point Coffee,-6.6099235,106.8045974,Kabupaten Bogor,cafe
Haus!,-6.6102905,106.8045726,Kabupaten Bogor,cafe
Cafe De Aut,-6.6098516,106.8044311,Kabupaten Bogor,cafe
Daily Brew Express,-6.6106869,106.8051908,Kabupaten Bogor,cafe
Bean Spot,-6.6105137,106.8052243,Kabupaten Bogor,cafe
iCafe Vaizard,-6.6095339,106.8040375,Kabupaten Bogor,cafe
Mr Yos Bakery & Cafe,-6.6087335,106.8029626,Kabupaten Bogor,cafe
Fanaticoffee,-6.6073231,106.8016409,Kabupaten Bogor,cafe
Belva Huis Coffee Shop,-6.6061727,106.8007819,Kabupaten Bogor,cafe
Panalama Coffee,-6.6066144,106.8013593,Kabupaten Bogor,cafe
Cyrano K-Cafe,-6.6059589,106.8006049,Kabupaten Bogor,cafe
9 Ball Cafe & Billiard,-6.6177527,106.8141313,Kabupaten Bogor,cafe
Bean Spot,-6.6206122,106.8149849,Kabupaten Bogor,cafe
Kopitiam Serasa,-6.6183815,106.815054,Kabupaten Bogor,cafe
Kopi Dari Hati,-6.6173038,106.8147465,Kabupaten Bogor,cafe
Albens Cafe & Resto,-6.6181371,106.8157165,Kabupaten Bogor,cafe
Kongdjie Coffee,-6.613683,106.813167,Kabupaten Bogor,cafe
Bean Spot,-6.6144023,106.8135902,Kabupaten Bogor,cafe
Aming Coffee,-6.6138108,106.8132763,Kabupaten Bogor,cafe
Kala Senja,-6.6142718,106.8130255,Kabupaten Bogor,cafe
Harmony Juice & Salad Bar,-6.6126023,106.8133829,Kabupaten Bogor,cafe
Chatime,-6.6117879,106.8121532,Kabupaten Bogor,cafe
Kopi Nako,-6.6095465,106.8129699,Kabupaten Bogor,cafe
Popolo,-6.6093598,106.8169449,Kabupaten Bogor,cafe
Kone Kopi,-6.6086226,106.8122765,Kabupaten Bogor,cafe
D'Fleur Coffee,-6.6063299,106.8113391,Kabupaten Bogor,cafe
Ahora Coffee,-6.606266,106.8114397,Kabupaten Bogor,cafe
TR Coffee,-6.6096677,106.8130691,Kabupaten Bogor,cafe
Miru,-6.6117453,106.8143257,Kabupaten Bogor,cafe
Tanmu Coffee,-6.6109014,106.814134,Kabupaten Bogor,cafe
Sharinc Live Music & Cafe,-6.610942,106.8149346,Kabupaten Bogor,cafe
Blue Moon Cafe,-6.6068122,106.8104768,Kabupaten Bogor,cafe
Bulan Madu Brew & Lounge,-6.6108181,106.8147683,Kabupaten Bogor,cafe
Point Coffee,-6.6117005,106.8152025,Kabupaten Bogor,cafe
Butterfields Cafe,-6.6110113,106.8149775,Kabupaten Bogor,cafe
Daruma,-6.6044848,106.8101375,Kabupaten Bogor,cafe
Cohere Coffee,-6.6054134,106.8124495,Kabupaten Bogor,cafe
Kopi Nu Sae,-6.6046234,106.8095105,Kabupaten Bogor,cafe
Awal Mula Coffee,-6.6043183,106.8102072,Kabupaten Bogor,cafe
Co Choc,-6.6035863,106.8108241,Kabupaten Bogor,cafe
Joempa Coffee,-6.6043216,106.8101603,Kabupaten Bogor,cafe
Bean Spot,-6.6240763,106.819234,Kabupaten Bogor,cafe
Maradika Coffee,-6.604683,106.8081081,Kabupaten Bogor,cafe
Stuco,-6.6025411,106.8123436,Kabupaten Bogor,cafe
Bean Spot,-6.6281908,106.8234909,Kabupaten Bogor,cafe
Eiger Coffee,-6.6223654,106.8170375,Kabupaten Bogor,cafe
J.Co,-6.6337592,106.8268892,Kabupaten Bogor,cafe
Co. Choc,-6.6334235,106.8269831,Kabupaten Bogor,cafe
Chatime,-6.6336846,106.826672,Kabupaten Bogor,cafe
Kopi Lain Hati,-6.6338631,106.8273586,Kabupaten Bogor,cafe
Osuki,-6.6337885,106.8271306,Kabupaten Bogor,cafe
Hop Hop,-6.6336606,106.8269965,Kabupaten Bogor,cafe
JS Cafe & Lounge,-6.6341801,106.8269375,Kabupaten Bogor,cafe
Kopi Kenangan,-6.6333862,106.8271574,Kabupaten Bogor,cafe
Susera Eat & Coffee,-6.6360624,106.8282706,Kabupaten Bogor,cafe
Kedai Kopi Jidda,-6.6359259,106.8287232,Kabupaten Bogor,cafe
Bean Spot,-6.6385068,106.8321061,Kabupaten Bogor,cafe
Be Coffee,-6.6368883,106.8295205,Kabupaten Bogor,cafe
Lawson Coffee,-6.637196,106.8302038,Kabupaten Bogor,cafe
Bean Spot,-6.6367131,106.8299335,Kabupaten Bogor,cafe
Haus!,-6.6386227,106.8322577,Kabupaten Bogor,cafe
We Drink,-6.6364061,106.8292952,Kabupaten Bogor,cafe
L.O.S Cafe & Eatery,-6.6377535,106.8309796,Kabupaten Bogor,cafe
Cafe Teras Ketje,-6.6399568,106.8347588,Kabupaten Bogor,cafe
Tomoro Coffee,-6.5603403,106.731829,Kabupaten Bogor,cafe
Es Teh Indonesia,-6.5586395,106.7329321,Kabupaten Bogor,cafe
Warkop Bintang,-6.5589463,106.7349746,Kabupaten Bogor,cafe
D'Sruput,-6.558868,106.734589,Kabupaten Bogor,cafe
Your Tea,-6.5590756,106.735163,Kabupaten Bogor,cafe
Aneka Coffee,-6.5699169,106.7423581,Kabupaten Bogor,cafe
Kopi Dari Hati,-6.5688737,106.746608,Kabupaten Bogor,cafe
Tanpa Nama,-6.1843764,106.8250467,Kabupaten Bogor,cafe
Kopte Tarik,-6.5691961,106.8075183,Kabupaten Bogor,cafe
Kopi Kenangan,-6.5667087,106.8578821,Kabupaten Bogor,cafe
Puyo,-6.5668313,106.8574798,Kabupaten Bogor,cafe
Janji Jiwa,-6.5667514,106.8586278,Kabupaten Bogor,cafe
Shake Shake,-6.5671297,106.857858,Kabupaten Bogor,cafe
The Goods Cafe,-6.5665782,106.857107,Kabupaten Bogor,cafe
Boost Juice,-6.5667434,106.8576381,Kabupaten Bogor,cafe
Es Sinar Garut 27,-6.5672097,106.8580216,Kabupaten Bogor,cafe
Chatime,-6.5673829,106.8582576,Kabupaten Bogor,cafe
The People's Cafe,-6.5666821,106.8575147,Kabupaten Bogor,cafe
Kopi Raga,-6.567175,106.8571955,Kabupaten Bogor,cafe
Kopi Nako,-6.5644105,106.8473947,Kabupaten Bogor,cafe
Haus!,-6.5695146,106.8118004,Kabupaten Bogor,cafe
Roasty Toast,-6.5704592,106.814545,Kabupaten Bogor,cafe
Noba Cerita Rasa,-6.5711466,106.8164856,Kabupaten Bogor,cafe
Cangkir Rasa,-6.5714824,106.8163797,Kabupaten Bogor,cafe
Kop'Roll,-6.5724643,106.8171273,Kabupaten Bogor,cafe
Es Teh Indonesia,-6.5764405,106.8177982,Kabupaten Bogor,cafe
Arah Coffee,-6.5765411,106.8178763,Kabupaten Bogor,cafe
Es Teh Special Tea,-6.5777201,106.8177523,Kabupaten Bogor,cafe
Kopi & Chick,-6.5704685,106.8155173,Kabupaten Bogor,cafe
Skymo,-6.571064,106.8164346,Kabupaten Bogor,cafe
Adolescense,-6.5733849,106.8173513,Kabupaten Bogor,cafe
Klasik Coffee,-6.5737792,106.8174961,Kabupaten Bogor,cafe
Hop Hop,-6.3061836,106.8403298,Kabupaten Bogor,cafe
Seduh Coffee & Eatery,-6.5733336,106.8177187,Kabupaten Bogor,cafe
Kohvi Coffee Shop,-6.5743415,106.8178073,Kabupaten Bogor,cafe
Otobull Coffee & Sisha,-6.5813799,106.8177778,Kabupaten Bogor,cafe
Waroeng 76,-6.5755645,106.8175384,Kabupaten Bogor,cafe
Tomoro Coffee,-6.3064822,106.840091,Kabupaten Bogor,cafe
Hafa Coffee & Kitchen,-6.5744107,106.8178314,Kabupaten Bogor,cafe
Naluri Kopi,-6.5742069,106.8174425,Kabupaten Bogor,cafe
Es Kopi Indonesia,-6.5764118,106.8177999,Kabupaten Bogor,cafe
Gococo,-6.304656,106.6431069,Kabupaten Bogor,cafe
Fore Coffee,-6.3063969,106.8401313,Kabupaten Bogor,cafe
Kopi Restu,-6.305989,106.8401903,Kabupaten Bogor,cafe
Artetic Studio & Coffee,-6.5792702,106.8182002,Kabupaten Bogor,cafe
No.on,-6.5757077,106.81782,Kabupaten Bogor,cafe
Groots Coffee,-6.5801149,106.8180983,Kabupaten Bogor,cafe
Puyo,-6.3056171,106.8402493,Kabupaten Bogor,cafe
Yarra Coffee,-6.5780798,106.8181103,Kabupaten Bogor,cafe
Bube Boba Kafe,-6.5797212,106.8186012,Kabupaten Bogor,cafe
The People's Cafe,-6.3059344,106.8403834,Kabupaten Bogor,cafe
Susu Mbok Darmi,-6.3055545,106.8407294,Kabupaten Bogor,cafe
Fairway Cafe,-6.5811401,106.8178066,Kabupaten Bogor,cafe
A Coffee,-6.5797319,106.8187541,Kabupaten Bogor,cafe
Surabi Duren Cafe,-6.5816044,106.8180694,Kabupaten Bogor,cafe
Rumah Tapi Kopi,-6.5812367,106.8180862,Kabupaten Bogor,cafe
Shake-Shake in A Tub,-6.3056864,106.8406315,Kabupaten Bogor,cafe
Boost Juice,-6.3058637,106.8406811,Kabupaten Bogor,cafe
Sour Sally,-6.3060943,106.8401742,Kabupaten Bogor,cafe
Tous Les Jours,-6.3061556,106.8402439,Kabupaten Bogor,cafe
Djournal Coffee,-6.3057597,106.8401769,Kabupaten Bogor,cafe
Susu Mbok Darmi,-6.3049679,106.6432933,Kabupaten Bogor,cafe
Social Affair,-6.3058291,106.8402989,Kabupaten Bogor,cafe
Liang Sandwich Bar,-6.3042108,106.6445741,Kabupaten Bogor,cafe
Bungeoppang,-6.3038776,106.6442227,Kabupaten Bogor,cafe
Chatime,-6.304776,106.6440618,Kabupaten Bogor,cafe
Kopi Kenangan,-6.3041815,106.6442656,Kabupaten Bogor,cafe
Boost Juice,-6.3045867,106.6436058,Kabupaten Bogor,cafe
Koi Cafe,-6.3043814,106.643874,Kabupaten Bogor,cafe
OneZo Tapioca,-6.304904,106.6435227,Kabupaten Bogor,cafe
Bugatea,-6.304704,106.6433376,Kabupaten Bogor,cafe
Puyo,-6.3050666,106.6427663,Kabupaten Bogor,cafe
Sour Sally,-6.3044427,106.6441342,Kabupaten Bogor,cafe
Simply,-6.3051092,106.6426134,Kabupaten Bogor,cafe
Dear Butter,-6.304696,106.6429299,Kabupaten Bogor,cafe
Janji Jiwa,-6.3041282,106.644035,Kabupaten Bogor,cafe
Fruitylicious,-6.3046987,106.6438472,Kabupaten Bogor,cafe
Aunty Anne's,-6.3046134,106.6438687,Kabupaten Bogor,cafe
Soes Lelo,-6.3045814,106.6426912,Kabupaten Bogor,cafe
Jeruk Meletus,-6.3046667,106.6427422,Kabupaten Bogor,cafe
The RR Chocolate,-6.304784,106.6431445,Kabupaten Bogor,cafe
Yen Pao,-6.3046214,106.6439807,Kabupaten Bogor,cafe
Shu Shu,-6.3052319,106.6425061,Kabupaten Bogor,cafe
Social Affair,-6.3051012,106.6432893,Kabupaten Bogor,cafe
Shake-Shake in A Tub,-6.3047093,106.6423935,Kabupaten Bogor,cafe
Senandung Coffee,-6.5833856,106.817364,Kabupaten Bogor,cafe
We Drink,-6.5822538,106.8176349,Kabupaten Bogor,cafe
Lawson Coffee,-6.5836494,106.8172795,Kabupaten Bogor,cafe
Warung Teras,-6.584119,106.8171173,Kabupaten Bogor,cafe
Fabaro Kopi,-6.5842829,106.817415,Kabupaten Bogor,cafe
Bean Spot,-6.5839538,106.8175759,Kabupaten Bogor,cafe
Kumpul Kedai Pandu,-6.5841823,106.817128,Kabupaten Bogor,cafe
Kopi Kenangan,-6.5843502,106.8169677,Kabupaten Bogor,cafe
Susu Mbok Darmi,-6.5847985,106.8171166,Kabupaten Bogor,cafe
Kuleo Coffee & Beverage,-6.5847751,106.8167397,Kabupaten Bogor,cafe
Sekoteng Raja,-6.5855938,106.8166365,Kabupaten Bogor,cafe
Warkop Tampomas,-6.5859562,106.8164869,Kabupaten Bogor,cafe
Spoke Coffee,-6.5856984,106.8166264,Kabupaten Bogor,cafe
Warung Kopi Mas Ge,-6.586164,106.8163924,Kabupaten Bogor,cafe
Beunta Coffee & Kitchen,-6.5862206,106.816432,Kabupaten Bogor,cafe
Tomoro Coffee,-6.587032,106.8163864,Kabupaten Bogor,cafe
Justrue,-6.5877081,106.8160826,Kabupaten Bogor,cafe
Bean Spot,-6.5879153,106.8166076,Kabupaten Bogor,cafe
Kukikoi Cafe,-6.589843,106.81678,Kabupaten Bogor,cafe
ChaCha,-6.5919986,106.8167793,Kabupaten Bogor,cafe
Agreya Coffee,-6.5925794,106.8168658,Kabupaten Bogor,cafe
Athologi Coffee & Tea,-6.5818342,106.8134802,Kabupaten Bogor,cafe
Tsuin Coffee,-6.5819687,106.81724,Kabupaten Bogor,cafe
Ejji Coffee Corner,-6.5817229,106.8167491,Kabupaten Bogor,cafe
Snap Cafe,-6.5818328,106.813385,Kabupaten Bogor,cafe
Bitter Sweet by Najla,-6.5810801,106.8125736,Kabupaten Bogor,cafe
Boen Roti & Kopitiam,-6.5812786,106.8123617,Kabupaten Bogor,cafe
Rengganis Coffee,-6.5812786,106.8118259,Kabupaten Bogor,cafe
TOMORO Coffee,-6.2802691,106.7176289,Kabupaten Bogor,cafe
Rumah Abu Waung,-6.8586055,107.0279534,Kabupaten Bogor,cafe
Kopyor Bogor,-6.6037974,106.7809257,Kabupaten Bogor,cafe
Kopi Tiga Kolam,-6.3652085,106.6032156,Kabupaten Bogor,cafe
Suksestama,-6.3033189,106.6921171,Kabupaten Bogor,cafe
Toko Kopi TUKU - BSD,-6.3057505,106.6795155,Kabupaten Bogor,cafe
Toko Kopi TUKU - Cipete,-6.2776487,106.8014764,Kabupaten Bogor,cafe
Toko Kopi TUKU - Pondok Pinang,-6.2674979,106.7747762,Kabupaten Bogor,cafe
Toko Kopi TUKU - GBK Senayan,-6.2218904,106.8045591,Kabupaten Bogor,cafe
Toko Kopi TUKU - SPBU bp Simprug,-6.2314175,106.7895611,Kabupaten Bogor,cafe
Toko Kopi TUKU - Pondok Indah,-6.2698408,106.7839204,Kabupaten Bogor,cafe
Toko Kopi TUKU - Pulo Asem,-6.1903594,106.897047,Kabupaten Bogor,cafe
Toko Kopi TUKU - Kemanggisan,-6.1937561,106.7820373,Kabupaten Bogor,cafe
Toko Kopi TUKU - Pasar Santa,-6.2400964,106.8120106,Kabupaten Bogor,cafe
Toko Kopi TUKU - SPBU bp Minangkabau,-6.2127151,106.8438024,Kabupaten Bogor,cafe
Toko Kopi TUKU - Sabang,-6.1849421,106.8251086,Kabupaten Bogor,cafe
Toko Kopi TUKU - Kemang,-6.262392,106.8160957,Kabupaten Bogor,cafe
Toko Kopi TUKU - Blok M,-6.2439142,106.7997041,Kabupaten Bogor,cafe
Kopitagram Centang Biru,-6.2213689,106.819756,Kabupaten Bogor,cafe
Kopi Kenangan,-6.2895382,106.8558867,Kabupaten Bogor,coffee_shop
Warkop Manunggal 17,-6.2976049,106.8971255,Kabupaten Bogor,cafe
Tanpa Nama,-6.2925332,106.7931803,Kabupaten Bogor,cafe
mamamiel_kitchen,-6.2423835,106.7894558,Kabupaten Bogor,cafe
Cafe Nuansa,-6.2579502,106.7369739,Kabupaten Bogor,cafe
Warung Kopi Toro-Chan,-6.2585081,106.736363,Kabupaten Bogor,cafe
Kopi Kenangan,-6.2653271,106.8082843,Kabupaten Bogor,cafe
Kopi Kenangan,-6.1649498,106.8126769,Kabupaten Bogor,cafe
BeKeeN cafe by Sahara,-6.2581787,106.868992,Kabupaten Bogor,cafe
Kedai Abbah Slowbrew Coffee & Tea,-6.2542928,106.8496929,Kabupaten Bogor,cafe
Deracikan,-6.2447664,106.8021711,Kabupaten Bogor,cafe
Biggby Coffee,-6.1711752,106.6829303,Kabupaten Bogor,cafe
Kopi Kenangan,-6.2988845,106.7868234,Kabupaten Bogor,cafe
Warung168spin,-6.272785,106.7701345,Kabupaten Bogor,cafe
Traffas,-6.2406748,106.7544693,Kabupaten Bogor,cafe
Toko Kopi TUKU - JDC,-6.2019945,106.8008289,Kabupaten Bogor,cafe
"Toko Kopi TUKU - MRT, Dukuh Atas",-6.2020473,106.8222783,Kabupaten Bogor,cafe
Camp Survivor,-6.5792625,106.7744682,Kabupaten Bogor,cafe
Kurasu,-6.2433594,106.8042314,Kabupaten Bogor,cafe
Bagel Coffee Company,-6.2447597,106.8023358,Kabupaten Bogor,cafe
Lugua Cafe,-6.2733402,106.7740904,Kabupaten Bogor,cafe
tiga makna coffee,-6.4907961,106.8306587,Kabupaten Bogor,cafe
% Arabica,-6.3017755,106.6532417,Kabupaten Bogor,cafe
Hiru,-6.3020198,106.6539095,Kabupaten Bogor,cafe
Chatime,-6.3017749,106.6544167,Kabupaten Bogor,cafe
Happy Lemon,-6.3020308,106.6545424,Kabupaten Bogor,cafe
Tuku,-6.5679251,106.8543644,Kabupaten Bogor,cafe
Starbucks,-6.6554208,106.8603727,Kabupaten Bogor,cafe
Duta Jus,-6.6014052,106.7786486,Kabupaten Bogor,cafe
Sangreal,-6.2887978,106.6270653,Kabupaten Bogor,cafe
Miro,-6.2854832,106.6242637,Kabupaten Bogor,cafe
Hang Tuah,-6.285142,106.6242792,Kabupaten Bogor,cafe
Tomoro,-6.2944256,106.6088527,Kabupaten Bogor,cafe
Warung Burjo Cipinang,-6.2214005,106.8814826,Kabupaten Bogor,cafe
Nuansa Senja Cafe & Cabin,-6.7035527,106.9388022,Kabupaten Bogor,cafe
Luco,-6.3080105,106.6552781,Kabupaten Bogor,cafe
Calibrew,-6.3006524,106.6411619,Kabupaten Bogor,cafe
Madre,-6.3265379,106.8572842,Kabupaten Bogor,cafe
Gayyakuh Store & Warkop Gayyakuy,-6.3991698,106.7083013,Kabupaten Bogor,cafe
Mr. Husband,-6.321315,106.6427267,Kabupaten Bogor,cafe
TOMORO Coffee,-6.2723648,106.725252,Kabupaten Bogor,cafe
TOMORO Coffee,-6.2699587,106.7310123,Kabupaten Bogor,cafe
Masagi Koffee at Batubata,-6.304143,106.6662809,Kabupaten Bogor,cafe
TOMORO Coffee,-6.2236435,106.6485709,Kabupaten Bogor,cafe
Fore,-6.2180602,106.8186213,Kabupaten Bogor,cafe
Starbucks,-6.2181216,106.8184201,Kabupaten Bogor,cafe
Chatime,-6.2189599,106.6154605,Kabupaten Bogor,cafe
Kopi Kenangan,-6.2197445,106.6143233,Kabupaten Bogor,cafe
TOMORO Coffee,-6.2195797,106.6143257,Kabupaten Bogor,cafe
Tanpa Nama,-6.2130887,106.8014404,Kabupaten Bogor,cafe
Tanpa Nama,-6.2130327,106.7998204,Kabupaten Bogor,cafe
Tanpa Nama,-6.213076,106.8019594,Kabupaten Bogor,cafe
Es Teh Indonesia,-6.3012856,106.6916033,Kabupaten Bogor,cafe
Starbucks,-6.284406,106.636459,Kabupaten Bogor,cafe
Janji Jiwa,-6.3283837,106.8510879,Kabupaten Bogor,cafe
Kedai Zhiku,-6.196245,106.7363774,Kabupaten Bogor,cafe
Babah Koffie by Kawisari,-6.1346203,106.8110662,Kabupaten Bogor,cafe
Kopi Kenangan,-6.2289672,106.7971449,Kabupaten Bogor,cafe
Temujumpa,-6.4971809,106.753951,Kabupaten Bogor,cafe
Kopi Nako Yasmin,-6.5568032,106.7729764,Kabupaten Bogor,cafe
TOMORO Coffee,-6.5244461,106.7618742,Kabupaten Bogor,cafe
Starbucks,-6.2122434,106.8038839,Kabupaten Bogor,cafe
Point Coffee,-6.2126514,106.8028942,Kabupaten Bogor,cafe
Kopi Kenangan,-6.420474,106.7332139,Kabupaten Bogor,cafe
Lengkah Coffee Kebon Jati,-6.4845247,106.7704608,Kabupaten Bogor,cafe
Kopi Leren,-6.1958621,106.8951994,Kabupaten Bogor,cafe
KOPITIAM Sinar Pagi,-6.3891285,106.8378058,Kabupaten Bogor,cafe
BINGXUE,-6.3470119,106.6597998,Kabupaten Bogor,cafe
Warkop Koepinang,-6.3469062,106.8854304,Kabupaten Bogor,coffee_shop
Tanpa Nama,-6.212985,106.8017921,Kabupaten Bogor,cafe
Starbucks Gandaria City,-6.243848,106.7830405,Kabupaten Bogor,cafe
Mixue Kyai Maja,-6.2420436,106.7904407,Kabupaten Bogor,cafe
Kedai Kopi RImaji,-6.4930301,106.7667688,Kabupaten Bogor,cafe
Taheur,-6.3425115,106.5386135,Kabupaten Bogor,cafe
Kopi Maut Tanpa Sianida (KMTS),-6.1759595,106.8720828,Kabupaten Bogor,cafe
Tian La La,-6.1739645,106.7879201,Kabupaten Bogor,cafe
Alinuy Cafe,-6.5691605,106.7420553,Kabupaten Bogor,cafe
Highlanders,-6.6153606,106.9017462,Kabupaten Bogor,cafe
Edensor,-6.6147735,106.9019444,Kabupaten Bogor,cafe
Tanpa Nama,-6.6237428,106.902021,Kabupaten Bogor,cafe
Kopi Koneng Sentul,-6.6229647,106.9017175,Kabupaten Bogor,cafe
WARKOP,-6.4328383,106.7852198,Kabupaten Bogor,cafe
Toko ANUGERAH,-6.444989,106.7776674,Kabupaten Bogor,cafe
WARKOP,-6.4256769,106.7963175,Kabupaten Bogor,cafe
Warkop Paijo,-6.4186038,106.7820458,Kabupaten Bogor,cafe
WARKOP,-6.421496,106.7823333,Kabupaten Bogor,cafe
Warkop BUNDA,-6.4472663,106.7787569,Kabupaten Bogor,cafe
Gramasi Coffee,-6.1981073,106.8413867,Kabupaten Bogor,cafe
Kopi Ayem,-6.4339127,106.7827934,Kabupaten Bogor,cafe
Warkop LBH KHUTANARI,-6.4449644,106.7772436,Kabupaten Bogor,cafe
Dapur Miea,-6.4420971,106.7919729,Kabupaten Bogor,cafe
"Warkop ""87""",-6.4060568,106.7719532,Kabupaten Bogor,cafe
Kedai Garuda,-6.4331501,106.7900732,Kabupaten Bogor,cafe
Wilujeung SUMPING,-6.416722,106.7970303,Kabupaten Bogor,cafe
Warkop ANIME,-6.3171363,106.7240849,Kabupaten Bogor,cafe
Warkop SOMAD,-6.3090383,106.7185784,Kabupaten Bogor,cafe
Warkop BAH ALI,-6.3165814,106.7099722,Kabupaten Bogor,cafe
Cafe WO,-6.3091908,106.7170957,Kabupaten Bogor,cafe
Angkringan TIKUM,-6.2720497,106.7562353,Kabupaten Bogor,cafe
SIKO SELA,-6.260233,106.7468423,Kabupaten Bogor,cafe
Warkop MANIS MANJA,-6.2126153,106.6882353,Kabupaten Bogor,cafe
Warkop,-6.2305802,106.7233718,Kabupaten Bogor,cafe
KICKSTART,-6.3143081,106.7078587,Kabupaten Bogor,cafe
Warkop PJR,-6.316788,106.7097413,Kabupaten Bogor,cafe
Kedai Mie 99,-6.3040716,106.7264696,Kabupaten Bogor,cafe
Mokka,-6.1862503,106.822799,Kabupaten Bogor,cafe
Soekaria,-6.3403946,106.738551,Kabupaten Bogor,cafe
Abadi Kuningan,-6.3165937,106.7162453,Kabupaten Bogor,cafe
WARKOP,-6.3142035,106.7218532,Kabupaten Bogor,cafe
LBRY,-6.2453554,106.8025404,Kabupaten Bogor,cafe
Teazzi,-6.2446028,106.8028212,Kabupaten Bogor,cafe
Beanstar,-6.2447717,106.8032325,Kabupaten Bogor,cafe
Warkop GAUL,-6.3009597,106.714931,Kabupaten Bogor,cafe
"Warkop ""F""",-6.3098892,106.7083275,Kabupaten Bogor,cafe
Point Coffee,-6.2964427,106.7948188,Kabupaten Bogor,cafe
"WARKOP ""24""",-6.3367753,106.727906,Kabupaten Bogor,cafe
Pion Sruntul Cafe,-6.3091644,106.7172727,Kabupaten Bogor,cafe
Cofilab,-6.2159711,106.8351719,Kabupaten Bogor,cafe
Kopi Nako,-6.1725077,106.8209186,Kabupaten Bogor,cafe
Warkop WARKOP,-6.2191329,106.6874493,Kabupaten Bogor,cafe
Warkop Si BOSS,-6.1958688,106.7240634,Kabupaten Bogor,cafe
Kopi Warisan,-6.1849282,106.8291586,Kabupaten Bogor,cafe
Warkop DIMAS,-6.3155097,106.7076788,Kabupaten Bogor,cafe
DISINI Warkop,-6.3470426,106.68795,Kabupaten Bogor,cafe
Warkop TAMPOMAS,-6.3693231,106.7032956,Kabupaten Bogor,cafe
Kopi ALMER,-6.4332466,106.7833034,Kabupaten Bogor,cafe
SELERA,-6.4366798,106.7341879,Kabupaten Bogor,cafe
Warkop,-6.4263559,106.7316734,Kabupaten Bogor,cafe
Warkop Berkah Racing,-6.4204438,106.7824408,Kabupaten Bogor,cafe
Warkop BRAVO,-6.4306899,106.7572485,Kabupaten Bogor,cafe
Mixue,-6.5027758,106.7836344,Kabupaten Bogor,cafe
Mixue,-6.4972865,106.7948838,Kabupaten Bogor,cafe
SEHATI,-6.4012468,106.7969033,Kabupaten Bogor,cafe
a&a Warkop,-6.4240851,106.7829678,Kabupaten Bogor,cafe
SERAJAYA,-6.2239031,106.7029097,Kabupaten Bogor,cafe
Warkop RIZKY,-6.2128323,106.797092,Kabupaten Bogor,cafe
"KAZOKU ""家族""",-6.3150656,106.7008421,Kabupaten Bogor,cafe
di.Emih.an,-6.3167092,106.7140772,Kabupaten Bogor,cafe
Way of Evergreen,-6.2194403,106.8183587,Kabupaten Bogor,cafe
WARKOP,-6.3421488,106.7237691,Kabupaten Bogor,cafe
Warkop,-6.2983111,106.7134932,Kabupaten Bogor,cafe
JAELANSKY Bintaro,-6.2594221,106.7595513,Kabupaten Bogor,cafe
Starbucks,-6.2366842,106.7447199,Kabupaten Bogor,cafe
Mixue,-6.2362273,106.7480283,Kabupaten Bogor,cafe
Janji Jiwa,-6.2362403,106.7481145,Kabupaten Bogor,cafe
WARKOP,-6.2303503,106.7240761,Kabupaten Bogor,cafe
Warkop Solo,-6.2294749,106.7229573,Kabupaten Bogor,cafe
Warkop Barokah,-6.1998398,106.6922365,Kabupaten Bogor,cafe
TATA Berkah,-6.3741076,106.7057428,Kabupaten Bogor,cafe
Warkop Bang Eza,-6.402645,106.7980748,Kabupaten Bogor,cafe
LUCK Warkop,-6.3483723,106.6883434,Kabupaten Bogor,cafe
Warkop AGAM,-6.3496233,106.6889468,Kabupaten Bogor,cafe
Sedjagatemu,-6.3350043,106.7264624,Kabupaten Bogor,cafe
Marisu Coffee,-6.1214135,106.6974362,Kabupaten Bogor,cafe
Warkop VJB,-6.3030375,106.7162914,Kabupaten Bogor,cafe
THEMAMP,-6.2623345,106.7233067,Kabupaten Bogor,cafe
"Warkop ""AL""",-6.2725849,106.756489,Kabupaten Bogor,cafe
Seblak & Prasmanan SUTARA,-6.3211101,106.7248667,Kabupaten Bogor,cafe
Janji Jiwa,-6.2375536,106.5835733,Kabupaten Bogor,cafe
Starbuck Ubud,-6.2312221,106.5878057,Kabupaten Bogor,cafe
Warkop BOS,-6.3419926,106.7112102,Kabupaten Bogor,cafe
Warkop Ronggolawe Tuban,-6.3826319,106.7123921,Kabupaten Bogor,cafe
Kopi Nako,-6.3022503,106.6391056,Kabupaten Bogor,cafe
Seblak & Pancong MARINDO,-6.4307447,106.7841577,Kabupaten Bogor,cafe
BRAVO Warkop,-6.438808,106.7747429,Kabupaten Bogor,cafe
Aneka Jus,-6.4213708,106.7823265,Kabupaten Bogor,cafe
Mami BUYA,-6.416436,106.797082,Kabupaten Bogor,cafe
"Duren Baru ""DUBAR""",-6.4546856,106.785043,Kabupaten Bogor,cafe
T99,-6.2444551,106.8021617,Kabupaten Bogor,cafe
Cups,-6.2444151,106.8021611,Kabupaten Bogor,cafe
Busy Cheesecake,-6.2443607,106.8021592,Kabupaten Bogor,cafe
Warkop Doa Ibu,-6.4442529,106.7767932,Kabupaten Bogor,cafe
Warmindo Mamah RAY,-6.4406735,106.7746684,Kabupaten Bogor,cafe
Toko Kopi Tuku - Dukuh Atas,-6.2021012,106.822459,Kabupaten Bogor,cafe
Disenja Coffee,-6.2022759,106.8231825,Kabupaten Bogor,cafe
Difabis Coffee And Tea,-6.2021064,106.8225246,Kabupaten Bogor,cafe
Berkah Big'S Family,-6.4194559,106.7529732,Kabupaten Bogor,cafe
DGLO,-6.31702,106.7238648,Kabupaten Bogor,cafe
WARMINDO,-6.2364349,106.7464121,Kabupaten Bogor,cafe
Warkop MBA MAY,-6.3448222,106.7499623,Kabupaten Bogor,cafe
Warung Kopi PAK GEMBUL,-6.3292883,106.7254375,Kabupaten Bogor,cafe
KELAWAI.WARKOP,-6.3253615,106.7420876,Kabupaten Bogor,cafe
Warmindo Mang KUMIS,-6.2314086,106.7022722,Kabupaten Bogor,cafe
Warmindo,-6.2211996,106.7059405,Kabupaten Bogor,cafe
Merdeka Lounge,-6.1680503,106.821616,Kabupaten Bogor,cafe
Warkop,-6.4166154,106.7308416,Kabupaten Bogor,cafe
WARMINDO,-6.3115229,106.7222119,Kabupaten Bogor,cafe
Warkop RAFA RENO,-6.2384412,106.7718395,Kabupaten Bogor,cafe
MERONA,-6.3419694,106.7279224,Kabupaten Bogor,cafe
AROETALA,-6.261967,106.7556534,Kabupaten Bogor,cafe
KOPI RINGAN,-6.2588429,106.7074674,Kabupaten Bogor,cafe
Warkop SIGEKO,-6.3149996,106.7077215,Kabupaten Bogor,cafe
Warkop SEJAGAT,-6.3321762,106.7259507,Kabupaten Bogor,cafe
Warkop GASTRI,-6.3627215,106.7002342,Kabupaten Bogor,cafe
BRAVO,-6.4168233,106.7969857,Kabupaten Bogor,cafe
Sumber Rejeki,-6.4328942,106.7860867,Kabupaten Bogor,cafe
WARMINDO Pancoran Mas,-6.3984787,106.8118874,Kabupaten Bogor,cafe
TITIK KUMPUL,-6.4338974,106.7791009,Kabupaten Bogor,cafe
Warkop PONCOL,-6.4702494,106.786842,Kabupaten Bogor,cafe
Warkop BAROKAH,-6.4324783,106.7843387,Kabupaten Bogor,cafe
APS,-6.4316651,106.7961435,Kabupaten Bogor,cafe
Warkop Mie LENIAL,-6.4156083,106.7809898,Kabupaten Bogor,cafe
Tentang KOPI,-6.4330035,106.79533,Kabupaten Bogor,cafe
Warkop ENJOY,-6.4490762,106.7861081,Kabupaten Bogor,cafe
Warkop JUARA,-6.4272659,106.7838872,Kabupaten Bogor,cafe
BERKAH Big's Family,-6.4064676,106.7743837,Kabupaten Bogor,cafe
Warmindo TAMPOMAS,-6.4312475,106.7592607,Kabupaten Bogor,cafe
Steam & Warkop SUMBER ALAM,-6.4756863,106.7597803,Kabupaten Bogor,cafe
KHYG!!!,-6.4405602,106.7910753,Kabupaten Bogor,cafe
Warkop BOY,-6.4059359,106.7711103,Kabupaten Bogor,cafe
Warkop Bang MUMUH,-6.4383449,106.7740735,Kabupaten Bogor,cafe
Jakarta Coffee House,-6.2780303,106.8044317,Kabupaten Bogor,cafe
Warkop Chi-Ci,-6.3407818,106.7101898,Kabupaten Bogor,cafe
Kopi Kenangan,-6.2002968,106.7043245,Kabupaten Bogor,cafe
Atmospace,-6.28935,106.6835002,Kabupaten Bogor,cafe
Warkop Rambutan,-6.3344483,106.7310229,Kabupaten Bogor,cafe
Warkop DOELL's,-6.2921194,106.7452493,Kabupaten Bogor,cafe
Warkop SUTARA,-6.3232112,106.7253336,Kabupaten Bogor,cafe
TOMORO Coffee,-6.27779,106.7994764,Kabupaten Bogor,cafe
Point Coffee,-6.2773597,106.798366,Kabupaten Bogor,cafe
Warkop JUARA,-6.427349,106.7836939,Kabupaten Bogor,cafe
Tempat NGOPI,-6.4066546,106.7760217,Kabupaten Bogor,cafe
Tanpa Nama,-6.1101327,106.6918948,Kabupaten Bogor,cafe
SAGAYA,-6.363618,106.7008564,Kabupaten Bogor,cafe
Warkop MANJAW,-6.4060969,106.7390021,Kabupaten Bogor,cafe
KEDAI KOPI,-6.4246596,106.7831268,Kabupaten Bogor,cafe
Tanpa Nama,-6.5210985,106.8776034,Kabupaten Bogor,cafe
Gordi hq kopi,-6.2841314,106.8117909,Kabupaten Bogor,cafe
WARKOP,-6.4329548,106.7928288,Kabupaten Bogor,cafe
Warkop BOEMI,-6.348051,106.7438378,Kabupaten Bogor,cafe
Warkop BETA,-6.3360602,106.7292747,Kabupaten Bogor,cafe
Starbuck,-6.1467127,106.7010939,Kabupaten Bogor,cafe
Starbuck,-6.1466687,106.7010335,Kabupaten Bogor,cafe
Calf Coffee,-6.2881036,106.8589554,Kabupaten Bogor,cafe
Creative-Soul (DNAC),-6.263066,106.5878254,Kabupaten Bogor,cafe
Highway Park,-6.265432,106.672135,Kabupaten Bogor,cafe
Crematology,-6.2355153,106.8139127,Kabupaten Bogor,cafe
Anomali Coffee Senopati,-6.2305406,106.8080544,Kabupaten Bogor,cafe
Starbucks,-6.2327578,106.7959105,Kabupaten Bogor,cafe
First Crack Coffee - Bumi,-6.2372035,106.7900482,Kabupaten Bogor,cafe
Jetski Pantai Mutiara,-6.1036463,106.7902427,Kabupaten Bogor,cafe
Cabin,-6.6087283,106.8110604,Kabupaten Bogor,cafe
Kedai Malaka,-6.5721806,106.7420202,Kabupaten Bogor,cafe
Kopi Nako,-6.5841573,106.8829734,Kabupaten Bogor,cafe
Tanpa Nama,-6.6011634,106.805617,Kabupaten Bogor,cafe
Kedai Telapak Cafe,-6.6024145,106.8062813,Kabupaten Bogor,cafe
Kebun Kita,-6.5948553,106.8064769,Kabupaten Bogor,cafe
Starbucks Reserve Bogor,-6.5904839,106.8044164,Kabupaten Bogor,cafe
Tanpa Nama,-6.6363557,106.8435399,Kabupaten Bogor,cafe
Old House Coffee Shop,-6.372352,106.8343438,Kabupaten Bogor,cafe
Kedai Kopi Tenong,-6.2780521,106.8035832,Kabupaten Bogor,cafe
Kopi Tugoh Signature,-6.5886948,106.8046772,Kabupaten Bogor,cafe
Kopi Jalan Pintas,-6.5711923,106.7525586,Kabupaten Bogor,cafe
Vows Coffee,-6.1275627,106.7926233,Kabupaten Bogor,cafe
Ayam Bakar Deli Bang Doli,-6.2830457,106.8778239,Kabupaten Bogor,cafe
7-Eleven,-6.3038491,106.8505393,Kabupaten Bogor,cafe
Milan Cafe,-6.3594132,106.8332163,Kabupaten Bogor,cafe
Starbucks - Margonda Raya,-6.3638477,106.8332772,Kabupaten Bogor,cafe
MUG Cafee,-6.3620244,106.8338242,Kabupaten Bogor,cafe
Gedung Paramitha,-6.363264,106.7440907,Kabupaten Bogor,cafe
Safer Sky Cafe,-6.1329384,106.6408373,Kabupaten Bogor,cafe
Kopi Bajawa Flores Depok,-6.4019258,106.8215877,Kabupaten Bogor,cafe
Tanpa Nama,-6.3584591,106.8432076,Kabupaten Bogor,cafe
Mie Ayam Bakso Istiqomah,-6.4063153,106.8126897,Kabupaten Bogor,cafe
What's Up Cafe,-6.3661586,106.8337937,Kabupaten Bogor,cafe
What's Up Cafe,-6.3660961,106.833769,Kabupaten Bogor,cafe
Kedai Kopi Kimung,-6.3668454,106.8338141,Kabupaten Bogor,cafe
Dadis Coffee Garden - Depok,-6.3996511,106.8218961,Kabupaten Bogor,cafe
Mile 32,-6.3546643,106.8412658,Kabupaten Bogor,cafe
Kopi Kenangan,-6.3550589,106.8419275,Kabupaten Bogor,cafe
Sahabat Ngopi,-6.3859453,106.8142081,Kabupaten Bogor,cafe
Stadela Coffee - Depok,-6.4057237,106.8186769,Kabupaten Bogor,cafe
Kanawa,-6.2353755,106.8138548,Kabupaten Bogor,cafe
berbagai macam makanan,-6.2915133,106.8123269,Kabupaten Bogor,cafe
Tanpa Nama,-6.1744962,106.8206518,Kabupaten Bogor,cafe
Hong Kong Cafe,-6.1888784,106.8246658,Kabupaten Bogor,cafe
Warkop Kupi,-6.4324042,106.8217503,Kabupaten Bogor,cafe
Starbucks,-6.2945932,106.7152294,Kabupaten Bogor,cafe
Tanpa Nama,-6.7215701,106.9500447,Kabupaten Bogor,cafe
UD Djaya Coffee House,-6.5641204,106.78872,Kabupaten Bogor,cafe
bakalkopi,-6.3618347,106.8425484,Kabupaten Bogor,cafe
Sadel Street Coffee,-6.3602562,106.8432309,Kabupaten Bogor,cafe
kuppy,-6.3724798,106.8800278,Kabupaten Bogor,cafe
Futura Cafe,-6.5679573,106.7465095,Kabupaten Bogor,cafe
Kopi Kenangan,-6.1713605,106.5571417,Kabupaten Bogor,cafe
Tenda Kuliner Basis HMS,-6.5596372,106.7884538,Kabupaten Bogor,cafe
Ombe Kofie Menteng,-6.1939421,106.828569,Kabupaten Bogor,cafe
Lampaoe Coffee & Culture,-6.3742169,106.7271202,Kabupaten Bogor,cafe
Rote,-6.2377842,106.8520274,Kabupaten Bogor,cafe
Warung Pancong,-6.2328391,106.8626,Kabupaten Bogor,cafe
Kopilojik Tebet,-6.2320426,106.8549689,Kabupaten Bogor,cafe
Mixue,-6.2281687,106.8553567,Kabupaten Bogor,cafe
Rocelli Coffee,-6.229348,106.8582115,Kabupaten Bogor,cafe
Kopi Buntu,-6.231779,106.8558122,Kabupaten Bogor,cafe
1/15 Coffe Menteng,-6.1977056,106.8240347,Kabupaten Bogor,cafe
Feel Matcha - Kemang,-6.2655052,106.824014,Kabupaten Bogor,cafe
Kopibrug - Tebet Barat,-6.2336719,106.8463932,Kabupaten Bogor,cafe
Unclebrew X Caesan Kitchen & Tea,-6.2328093,106.8463217,Kabupaten Bogor,cafe
Starbucks,-6.2577827,106.8148298,Kabupaten Bogor,cafe
Koko Pi Omah Kopi,-6.193364,106.8574461,Kabupaten Bogor,cafe
Nyeger' & Toast,-6.2268884,106.8441018,Kabupaten Bogor,cafe
Kedai Kopi Arih Ersada - Cawang,-6.2573496,106.8698117,Kabupaten Bogor,cafe
Kopitagram Centang Biru,-6.2218008,106.8187726,Kabupaten Bogor,cafe
Warkop,-6.2176664,106.8251913,Kabupaten Bogor,cafe
Lektur,-6.2356705,106.8571892,Kabupaten Bogor,cafe
Selective Coffee Roasters - Pela Mampang,-6.2470962,106.8174548,Kabupaten Bogor,cafe
Martabak Bintang,-6.3595764,106.8332377,Kabupaten Bogor,cafe
TGP Palem,-6.14385,106.7356717,Kabupaten Bogor,cafe
Kopi Oppa,-6.1831429,106.8726053,Kabupaten Bogor,cafe
Kopi Oey,-6.1837608,106.8245342,Kabupaten Bogor,cafe
Makkanya Coffee,-6.1717892,106.8730958,Kabupaten Bogor,cafe
Tanpa Nama,-6.2554942,106.8104097,Kabupaten Bogor,cafe
Cafe Compagnie,-6.1313949,106.8100807,Kabupaten Bogor,cafe
Setjangkir Slow Bar,-6.2450601,106.8284653,Kabupaten Bogor,cafe
Starbucks,-6.1809139,106.8913509,Kabupaten Bogor,cafe
Sabang 16,-6.1835794,106.8245174,Kabupaten Bogor,cafe
Kopi Ko Acung,-6.183511,106.8245079,Kabupaten Bogor,cafe
Inspiring Koffie Place,-6.1695973,106.8200283,Kabupaten Bogor,cafe
Atap Rumah Cafe Casa Kopi Senayan - Bendungan Hilir,-6.2065117,106.8043233,Kabupaten Bogor,cafe
Starbucks,-6.2135946,106.8136749,Kabupaten Bogor,cafe
Kopitagram,-6.1792157,106.8010119,Kabupaten Bogor,cafe
BRISKOP Brisket & Coffee,-6.1904557,106.8066137,Kabupaten Bogor,cafe
Warung Lumpia Petamburan,-6.1910321,106.8086622,Kabupaten Bogor,cafe
Kopi KANO - Senopati,-6.2305596,106.8070537,Kabupaten Bogor,cafe
Starbucks,-6.1953211,106.8915128,Kabupaten Bogor,cafe
Joffee Coffee&Eatery,-6.5840812,106.8072272,Kabupaten Bogor,cafe
Rumah Kopi Sabit,-6.2667508,106.8817658,Kabupaten Bogor,cafe
Esteh Indonesia,-6.1554055,106.8018962,Kabupaten Bogor,cafe
Dua Coffee @Cipete,-6.277798,106.8005067,Kabupaten Bogor,cafe
Starbucks,-6.2781065,106.8047538,Kabupaten Bogor,cafe
Starbucks,-6.1980213,106.7820222,Kabupaten Bogor,cafe
Upnormal Coffee Roasters,-6.1985804,106.7819601,Kabupaten Bogor,cafe
Malacca Toast,-6.1613667,106.8314249,Kabupaten Bogor,cafe
PomPom,-6.2011472,106.7827894,Kabupaten Bogor,cafe
Kozy Hub,-6.217677,106.7653788,Kabupaten Bogor,cafe
Oembean,-6.324253,106.8993135,Kabupaten Bogor,cafe
Magia Coffee - Cipete,-6.2662205,106.7976137,Kabupaten Bogor,cafe
Ali Kopi Cafe & Roastery - Kalideres,-6.1525717,106.7132943,Kabupaten Bogor,cafe
Kafe Saka,-6.3235479,106.8578364,Kabupaten Bogor,cafe
Starbucks,-6.2317545,106.8977055,Kabupaten Bogor,cafe
Ou Tu Cafe & Resto - Tanjung Duren Utara,-6.1704283,106.7803179,Kabupaten Bogor,cafe
Lapis-Lapis,-6.1442515,106.8655074,Kabupaten Bogor,cafe
Suasana Kopi - Kramat Pela,-6.2446129,106.7893682,Kabupaten Bogor,cafe
Vyf Coffee,-6.1309041,106.8683846,Kabupaten Bogor,cafe
Intan Cafe,-6.2950649,106.7989123,Kabupaten Bogor,cafe
Ropang Stop,-6.1625403,106.7421511,Kabupaten Bogor,cafe
Mixue,-6.1365132,106.73735,Kabupaten Bogor,cafe
Chatime,-6.1370833,106.7323473,Kabupaten Bogor,cafe
Jelly Potter Indonesia,-6.1383861,106.8411635,Kabupaten Bogor,cafe
Starbucks,-6.1239278,106.7399929,Kabupaten Bogor,cafe
Meraki,-6.2841687,106.769301,Kabupaten Bogor,cafe
Hey Kafe - Arteri Pondok Indah,-6.2581461,106.7819679,Kabupaten Bogor,cafe
Coffee Shop Sidikalang Jaya,-6.149465,106.7849404,Kabupaten Bogor,coffee_shop
Kopi Konnichiwa - Jelambar,-6.158342,106.7801141,Kabupaten Bogor,cafe
Kedai JATAM,-6.2897204,106.8381453,Kabupaten Bogor,cafe
Waroeng Kopi Kang Rully,-6.2514522,106.7565764,Kabupaten Bogor,cafe
Toko Kopi TUKU - Bintaro,-6.2697697,106.7545502,Kabupaten Bogor,cafe
Sixty Two Coffee,-6.2372116,106.8081552,Kabupaten Bogor,cafe
Tanpa Nama,-6.12881,106.7966849,Kabupaten Bogor,cafe
Kopi Kalyan,-6.2432385,106.8091606,Kabupaten Bogor,cafe
Wakofi,-6.1345815,106.7776877,Kabupaten Bogor,cafe
Crumble Crew Selong,-6.2312194,106.810026,Kabupaten Bogor,cafe
Staircaze Music Studio,-6.122117,106.8824851,Kabupaten Bogor,cafe
Goyang-i HQ,-6.2378395,106.8154597,Kabupaten Bogor,cafe
Otten Coffee Jakarta,-6.2328215,106.8120081,Kabupaten Bogor,cafe
Yoeeh Kopi Juana,-6.1458453,106.7389423,Kabupaten Bogor,cafe
Cendol Duren Bang Delon - Gandaria Utara,-6.2547044,106.7878104,Kabupaten Bogor,cafe
Kopi Kalyan - Kramat Pela,-6.2437353,106.7934233,Kabupaten Bogor,cafe
Papa & Mama Pastries,-6.1152067,106.7780354,Kabupaten Bogor,cafe
Six Ounces - Melawai,-6.2494476,106.8004246,Kabupaten Bogor,cafe
Jia Xiang Kopitien,-6.1162149,106.7798888,Kabupaten Bogor,cafe
Saudagar Kopi Bintaro,-6.2836515,106.7133361,Kabupaten Bogor,cafe
Kopi Kenangan x Cerita Roti - Alfamidi Stasiun Pondok Ranji,-6.2769015,106.74602,Kabupaten Bogor,cafe
DUTAMA Bar & Coffee Lounge,-6.3248565,106.7547352,Kabupaten Bogor,cafe
Velind's Bakery,-6.3026753,106.6796684,Kabupaten Bogor,cafe
Kopimana27,-6.2393316,106.8457394,Kabupaten Bogor,cafe
Tanpa Nama,-6.3356803,106.5605876,Kabupaten Bogor,cafe
Gerimis Coffee,-6.586999,106.788958,Kabupaten Bogor,cafe
Routibunz Taman Levina - Binong,-6.2358854,106.5838879,Kabupaten Bogor,cafe
Starbucks,-6.2137972,106.6832619,Kabupaten Bogor,cafe
Djakarté,-6.1354791,106.8128292,Kabupaten Bogor,cafe
Kopiluo,-6.1482534,106.6768109,Kabupaten Bogor,cafe
Starbucks,-6.2724511,106.6993633,Kabupaten Bogor,cafe
Kopi Janji Jiwa Jilid 22,-6.2170293,106.8442601,Kabupaten Bogor,coffee_shop
Hygge Cafe,-6.2981034,106.6405443,Kabupaten Bogor,cafe
Kantin Bu Darmo - BIG,-6.4902246,106.8489,Kabupaten Bogor,cafe
Drink Station - Cibogor,-6.5955425,106.7894196,Kabupaten Bogor,cafe
SELA KOPI HQ,-6.8130572,107.136296,Kabupaten Bogor,cafe
Jongjohn's Coffee House,-6.7162541,107.0102835,Kabupaten Bogor,cafe
Baden Kenari Coffee (BKC),-6.7164992,107.0096044,Kabupaten Bogor,cafe
Starbucks,-6.2584878,106.6202062,Kabupaten Bogor,cafe
Raindear Coffee and Kitchen - Baranangsiang,-6.6034457,106.8102025,Kabupaten Bogor,cafe
Chatime,-6.3046207,106.8473858,Kabupaten Bogor,cafe
Starbuck Cafe,-6.2302098,106.520662,Kabupaten Bogor,cafe
Starbucks,-6.4153373,106.8209308,Kabupaten Bogor,cafe
Starbucks,-6.3952241,106.7997797,Kabupaten Bogor,cafe
Starbucks,-6.1945691,106.6332024,Kabupaten Bogor,cafe
Pouter Coffee,-6.2369608,106.8571342,Kabupaten Bogor,cafe
DPR by HMS,-6.5612631,106.7923866,Kabupaten Bogor,cafe
KOUP!,-6.2364739,106.8568453,Kabupaten Bogor,cafe
Kopi Dan Dia,-6.8859556,106.806138,Kabupaten Bogor,cafe
Kopi 3 Kolam,-6.3651881,106.6031679,Kabupaten Bogor,cafe
Starbucks,-6.3468247,106.6937443,Kabupaten Bogor,cafe
Seven Dials,-6.2790595,106.718054,Kabupaten Bogor,cafe
Starbucks,-6.2809921,106.7138766,Kabupaten Bogor,cafe
Sisi Barat Cafe,-6.5618896,106.7441684,Kabupaten Bogor,cafe
Sensory Tree,-6.2825902,106.7130749,Kabupaten Bogor,cafe
Warkop Kuningan,-6.3381692,106.7391186,Kabupaten Bogor,cafe
Kopi Alan's,-6.236025,106.7547318,Kabupaten Bogor,cafe
Warung Nasi,-6.236156,106.754582,Kabupaten Bogor,cafe
Kopi Kenangan,-6.2408257,106.793566,Kabupaten Bogor,cafe
Dec.,-6.2637525,106.6302999,Kabupaten Bogor,cafe
Kopi Bajawa Flores,-6.2604075,106.607526,Kabupaten Bogor,cafe
Kopi Kenangan,-6.3741239,106.8330769,Kabupaten Bogor,cafe
Di Desa Coffee and Eatery,-6.5111538,106.832948,Kabupaten Bogor,cafe
Tanpa Nama,-6.7152714,106.8625556,Kabupaten Bogor,cafe
Tanpa Nama,-6.2539905,106.700765,Kabupaten Bogor,cafe
MASON COFFEE,-6.881881,106.9469107,Kabupaten Bogor,cafe
MOKOPI,-6.8839387,106.945307,Kabupaten Bogor,cafe
Arborea Cafe,-6.2062227,106.8016715,Kabupaten Bogor,cafe
Kafe Hoax,-6.1192605,106.8517016,Kabupaten Bogor,cafe
Lege Coffee and Toastie,-6.2299775,106.8211262,Kabupaten Bogor,cafe
Roemah Kopyor,-6.339969,106.6324615,Kabupaten Bogor,cafe
Kopi Tubing,-6.569071,106.8457581,Kabupaten Bogor,cafe
Popolo Coffee,-6.5839634,106.8821201,Kabupaten Bogor,cafe
foodpedia palem semi,-6.2193874,106.61034,Kabupaten Bogor,cafe
Kopi Tuku,-6.5680098,106.8544059,Kabupaten Bogor,cafe
Kopi Satu Tudju,-6.5981222,106.7899598,Kabupaten Bogor,cafe
Mie Gacoan Dramaga,-6.5697191,106.7395101,Kabupaten Bogor,cafe
Shinju Ramen,-6.5726694,106.7479069,Kabupaten Bogor,cafe
Koloni Food and Space,-6.5541569,106.748552,Kabupaten Bogor,cafe
Kebin,-6.5691191,106.7571451,Kabupaten Bogor,cafe
Mie Gacoan Yasmin,-6.5647112,106.7629836,Kabupaten Bogor,cafe
Kopi Tepi Sawah,-6.5785854,106.740431,Kabupaten Bogor,cafe
Madam Coffee,-6.5683534,106.7588174,Kabupaten Bogor,cafe
Sisi Teras Coffee & Kitchen,-6.577951,106.7548773,Kabupaten Bogor,cafe
Everythey Coffee and Plant,-6.5801859,106.7509808,Kabupaten Bogor,cafe
Friday Coffee Plants & Eatery,-6.574978,106.7522981,Kabupaten Bogor,cafe
Senandung Kopi,-6.5774716,106.757495,Kabupaten Bogor,cafe
Ulin-Ulin Coffee Park,-6.5806132,106.775886,Kabupaten Bogor,cafe
Uniko Coffee & Gallery,-6.5840617,106.7742019,Kabupaten Bogor,cafe
Teras Samoraya,-6.5373792,106.7331049,Kabupaten Bogor,cafe
Warung Kopi Raja,-6.5551978,106.7009383,Kabupaten Bogor,cafe
Waroeng De-Pot Doenan,-6.5573758,106.7067574,Kabupaten Bogor,cafe
Golden Black,-6.556779,106.773831,Kabupaten Bogor,cafe
Kopi Nako,-6.603747,106.8110497,Kabupaten Bogor,cafe
Old Town White Coffee,-6.2401441,106.801087,Kabupaten Bogor,cafe
Tempat Parkir Motor,-6.2815436,106.8298726,Kabupaten Bogor,cafe
Tanpa Nama,-6.7063445,106.6417421,Kabupaten Bogor,cafe
Tanpa Nama,-6.706757,106.6419091,Kabupaten Bogor,cafe
Kopi Klotok,-6.3207517,106.6116803,Kabupaten Bogor,cafe
Kopi Raga,-6.4781386,106.8729968,Kabupaten Bogor,cafe
BBC Garden & Cafe,-6.2843473,106.6386327,Kabupaten Bogor,cafe
Kaumuda Coffe and Bar,-6.3047636,106.8421614,Kabupaten Bogor,cafe
Starbucks,-6.2943421,106.6097591,Kabupaten Bogor,cafe
Warung Kopi Tepi Sungai,-6.3896463,106.7663441,Kabupaten Bogor,cafe
Warkop Agam Medan,-6.3464009,106.6881615,Kabupaten Bogor,cafe
Kopi Kenangan,-6.2294164,106.6590437,Kabupaten Bogor,cafe
Kopi Kenangan,-6.2235053,106.6927485,Kabupaten Bogor,cafe
Warkop Xsari,-6.3388127,106.8549641,Kabupaten Bogor,cafe
bixue,-6.6014314,106.779507,Kabupaten Bogor,cafe
Fore Coffee,-6.601431,106.7794551,Kabupaten Bogor,cafe
Janji Jiwa,-6.601444,106.7797458,Kabupaten Bogor,cafe
Kopi Kenangan,-6.6014441,106.779712,Kabupaten Bogor,cafe
Kopitagram,-6.2833643,106.6381582,Kabupaten Bogor,cafe
Deracikan,-6.2436892,106.802342,Kabupaten Bogor,cafe
Kopi Kenangan,-6.4826162,106.8003893,Kabupaten Bogor,cafe
Tanpa Nama,-6.2020992,106.8224805,Kabupaten Bogor,cafe
Difabis Coffee and Tea,-6.2021095,106.8225262,Kabupaten Bogor,cafe
Disenja Coffee,-6.2022833,106.8231696,Kabupaten Bogor,cafe
Tanpa Nama,-6.3719722,106.8242355,Kabupaten Bogor,coffee_shop
Satu Kenangan,-6.3714469,106.8245131,Kabupaten Bogor,coffee_shop
Tanpa Nama,-7.3403905,108.2172127,Kabupaten Ciamis,cafe
Tanpa Nama,-7.3235315,108.2220232,Kabupaten Ciamis,cafe
Boba,-7.3703693,108.5394964,Kabupaten Ciamis,cafe
We Made! Coffee,-7.3697217,108.5365052,Kabupaten Ciamis,cafe
Sunday Culture & Co. 26,-7.3502601,108.2290191,Kabupaten Ciamis,cafe
Biji Kopi,-7.3696347,108.533679,Kabupaten Ciamis,cafe
Mixue,-7.3710871,108.5287216,Kabupaten Ciamis,cafe
Mixue,-7.3741433,108.5404883,Kabupaten Ciamis,cafe
Fachri Boba,-7.1974033,108.5046619,Kabupaten Ciamis,cafe
Point Coffee,-7.3627726,108.5340078,Kabupaten Ciamis,cafe
Garasi,-7.3697355,108.53621,Kabupaten Ciamis,cafe
Tungku,-7.3641725,108.5419377,Kabupaten Ciamis,cafe
Siloka,-7.3735693,108.5388755,Kabupaten Ciamis,cafe
Janji Jiwa,-7.3713976,108.5289509,Kabupaten Ciamis,cafe
Warung Kopi Sinar Bintang,-7.3259734,108.345578,Kabupaten Ciamis,cafe
Kopi Janji Jiwa,-7.3270766,108.3541124,Kabupaten Ciamis,cafe
IM'YOU Cafe (Coffee & Eatery),-7.3275753,108.3455185,Kabupaten Ciamis,cafe
Kandis Coffee & Eatery,-7.3260034,108.3464723,Kabupaten Ciamis,cafe
Notre Socielle,-7.322418,108.2225735,Kabupaten Ciamis,cafe
Tanpa Nama,-6.9325753,106.9322515,Kabupaten Cianjur,cafe
Fresh Milack,-6.9186381,106.933241,Kabupaten Cianjur,cafe
Tanpa Nama,-6.9139468,106.9350557,Kabupaten Cianjur,cafe
Tanpa Nama,-6.9118104,106.9337353,Kabupaten Cianjur,cafe
Tanpa Nama,-6.9138381,106.9334483,Kabupaten Cianjur,cafe
Tanpa Nama,-6.9145812,106.9350043,Kabupaten Cianjur,cafe
Tanpa Nama,-6.9186122,106.9366414,Kabupaten Cianjur,cafe
Tanpa Nama,-6.916033,106.9362169,Kabupaten Cianjur,cafe
Tanpa Nama,-6.9109485,106.9347821,Kabupaten Cianjur,cafe
Tanpa Nama,-6.9200424,106.9309821,Kabupaten Cianjur,cafe
Tanpa Nama,-6.9183245,106.9346748,Kabupaten Cianjur,cafe
Tanpa Nama,-6.9204273,106.9308499,Kabupaten Cianjur,cafe
Tanpa Nama,-6.9207669,106.9334821,Kabupaten Cianjur,cafe
Tanpa Nama,-6.9171391,106.9302153,Kabupaten Cianjur,cafe
Tanpa Nama,-6.9172673,106.9293414,Kabupaten Cianjur,cafe
Tanpa Nama,-6.9170528,106.9305106,Kabupaten Cianjur,cafe
Tanpa Nama,-6.916538,106.9320322,Kabupaten Cianjur,cafe
Tanpa Nama,-6.9146965,106.9328088,Kabupaten Cianjur,cafe
Tanpa Nama,-6.9122703,106.930621,Kabupaten Cianjur,cafe
Tanpa Nama,-6.9164812,106.9316268,Kabupaten Cianjur,cafe
Bacil Harima,-6.9148149,107.1338067,Kabupaten Cianjur,cafe
The Gade Corner,-6.9284821,106.9266746,Kabupaten Cianjur,cafe
Like Earth Coffee,-6.9179607,106.9303702,Kabupaten Cianjur,cafe
Starbucks,-6.9183355,106.9363693,Kabupaten Cianjur,cafe
Tanpa Nama,-6.9196809,106.9360438,Kabupaten Cianjur,cafe
Bacil Harima,-6.9148207,107.1338142,Kabupaten Cianjur,cafe
Famouz cafe,-6.7104044,108.5347676,Kabupaten Cirebon,cafe
Tanpa Nama,-6.5253191,108.3516298,Kabupaten Cirebon,cafe
Overdosis,-6.7150013,108.5029988,Kabupaten Cirebon,cafe
KALIGANECOFFEE,-6.8808267,108.469139,Kabupaten Cirebon,cafe
Titik Teh,-6.8911235,108.4939613,Kabupaten Cirebon,cafe
QQ Cafe Resto,-6.8922752,108.4930704,Kabupaten Cirebon,cafe
Nay Coffee Cafe,-6.737555,108.475798,Kabupaten Cirebon,cafe
Kedai Woeng Saroengan,-6.6879463,108.3690905,Kabupaten Cirebon,cafe
BC Maxim Cirebon Timur (Mabur),-6.7626986,108.5956614,Kabupaten Cirebon,cafe
Cafe Asam Manis,-6.8681424,108.5840603,Kabupaten Cirebon,cafe
Kopi Gincu,-6.8708456,108.5817662,Kabupaten Cirebon,cafe
WIthus Coffee,-6.7378146,108.525902,Kabupaten Cirebon,cafe
Chatime,-6.7336943,108.5413309,Kabupaten Cirebon,cafe
Kopi Nayla,-6.7393125,108.523933,Kabupaten Cirebon,cafe
Baraja Coffee Amphitheater,-6.7104674,108.5384525,Kabupaten Cirebon,cafe
Pringsewu Coffee Corner,-6.7046135,108.5552782,Kabupaten Cirebon,cafe
Point Coffee,-6.7358393,108.5346175,Kabupaten Cirebon,cafe
Rasavati Rempah,-6.7371565,108.5270367,Kabupaten Cirebon,cafe
Mekayo Coffee,-6.7288164,108.5483611,Kabupaten Cirebon,cafe
belikopi.,-6.7164306,108.550818,Kabupaten Cirebon,cafe
Warmindo Warkop Cipto,-6.7164858,108.5508154,Kabupaten Cirebon,cafe
Point Coffee,-6.7134158,108.5665505,Kabupaten Cirebon,cafe
Point Coffee,-6.7107338,108.5565871,Kabupaten Cirebon,cafe
Lyly Coffee,-6.7116257,108.5524649,Kabupaten Cirebon,cafe
247 Coffee,-6.7194909,108.5681357,Kabupaten Cirebon,cafe
Tong Tji,-6.7055027,108.5556051,Kabupaten Cirebon,cafe
Ni-bung Coffee,-6.7051506,108.5563387,Kabupaten Cirebon,cafe
Kopinos,-6.705738,108.5575524,Kabupaten Cirebon,cafe
Olive Bistro,-6.7062488,108.5576188,Kabupaten Cirebon,cafe
LS Coffee,-6.7084544,108.5594467,Kabupaten Cirebon,cafe
Warkop NGS,-6.7356635,108.5372058,Kabupaten Cirebon,cafe
Taruna Cafe,-6.7358779,108.53332,Kabupaten Cirebon,cafe
Nescafe,-6.7356605,108.533896,Kabupaten Cirebon,cafe
Starbucks,-6.7132893,108.5516737,Kabupaten Cirebon,cafe
J.CO,-6.7127166,108.5521068,Kabupaten Cirebon,cafe
Warkop Pak Eko,-6.7285688,108.5534239,Kabupaten Cirebon,cafe
One More Cups Coffee,-6.7134393,108.5625722,Kabupaten Cirebon,cafe
Smalldose Coffee Roaster,-6.7105485,108.5519999,Kabupaten Cirebon,cafe
Paper & Sip,-6.7177255,108.5514279,Kabupaten Cirebon,cafe
Fore Coffee,-6.7553531,108.558345,Kabupaten Cirebon,cafe
Sabandina Koffie,-6.6978362,108.5551337,Kabupaten Cirebon,cafe
Point Coffee,-6.7071491,108.5513149,Kabupaten Cirebon,cafe
Kopinos,-6.7065981,108.551263,Kabupaten Cirebon,cafe
Duren Si Legit,-6.7195732,108.5507996,Kabupaten Cirebon,cafe
Loko Cafe,-6.7108144,108.5556874,Kabupaten Cirebon,cafe
Sanss Coffee,-6.7297769,108.5332759,Kabupaten Cirebon,coffee_shop
Cafe Kopi Dari Hati Greenhill,-6.6925683,108.5510916,Kabupaten Cirebon,cafe
Cafe Krucuk,-6.6999278,108.5537274,Kabupaten Cirebon,cafe
Donat Madu,-6.7126502,108.5618052,Kabupaten Cirebon,cafe
Lucky Monkey Coffee and Bistro,-6.7109208,108.5577077,Kabupaten Cirebon,cafe
Kalis Donuts,-6.7099634,108.5610205,Kabupaten Cirebon,cafe
Strawberry Delight Cafe & Bakery,-6.7110369,108.5544935,Kabupaten Cirebon,cafe
Seia Sekata Roastery & Espresso Bar,-6.7393302,108.5264711,Kabupaten Cirebon,coffee_shop
Komunikoffie,-6.7325314,108.5362672,Kabupaten Cirebon,cafe
KOPIROTI Berdikari Townhouse A11,-6.6939213,108.5474191,Kabupaten Cirebon,cafe
Tanpa Nama,-6.8309074,108.6210119,Kabupaten Cirebon,cafe
Nord Cafe,-6.8301254,108.6253177,Kabupaten Cirebon,cafe
Bento Kopi,-6.7393204,108.5241905,Kabupaten Cirebon,cafe
Shegia Coffee & Eatery,-6.7373199,108.5282069,Kabupaten Cirebon,cafe
Paten Coffee,-6.7366479,108.529268,Kabupaten Cirebon,cafe
Mixue,-6.7367098,108.5302989,Kabupaten Cirebon,cafe
Kopi Kenangan,-6.7363281,108.5301536,Kabupaten Cirebon,cafe
Haus!,-6.7357908,108.5341747,Kabupaten Cirebon,cafe
Kedai Sejati,-6.7344334,108.5315711,Kabupaten Cirebon,cafe
Warkop Memanggil,-6.7358952,108.5368449,Kabupaten Cirebon,cafe
Snowy Signature,-6.715065,108.5509893,Kabupaten Cirebon,cafe
Eunola Coffee & Space,-6.7294504,108.5498736,Kabupaten Cirebon,cafe
Stone Hand Coffee,-6.7343784,108.5426322,Kabupaten Cirebon,cafe
Maomao,-6.736357,108.5293979,Kabupaten Cirebon,cafe
Tekun,-6.7367084,108.5301813,Kabupaten Cirebon,cafe
Masyawe Coffee & Kitchen,-6.7214054,108.5472114,Kabupaten Cirebon,cafe
Kopi Nako,-6.7211625,108.5476153,Kabupaten Cirebon,cafe
TOMORO Coffee,-6.7379082,108.5262042,Kabupaten Cirebon,cafe
Kopi Kenangan,-6.755957,108.5586819,Kabupaten Cirebon,cafe
Maa Moet,-7.440427,108.1951039,Kabupaten Garut,cafe
Tanpa Nama,-7.0485847,107.96776,Kabupaten Garut,cafe
Tanpa Nama,-7.2840021,108.1816049,Kabupaten Garut,cafe
Kedai Seblak Hasna,-7.2616044,108.1629781,Kabupaten Garut,cafe
Warung Mang Ail,-6.9033909,108.0635728,Kabupaten Garut,cafe
diagonal_koffie,-7.4143877,107.8299369,Kabupaten Garut,cafe
Tanpa Nama,-6.4112467,108.1687909,Kabupaten Indramayu,cafe
fff,-6.3278866,108.3117005,Kabupaten Indramayu,cafe
Warkop Abah,-6.3660846,107.9557156,Kabupaten Indramayu,cafe
KGV 2 Blok E2/10,-6.3464525,107.3004383,Kabupaten Karawang,cafe
Upnormal Coffee,-6.3669222,107.3604759,Kabupaten Karawang,cafe
Kopi Kenangan,-6.3357847,107.3430821,Kabupaten Karawang,cafe
Sweet Munjuljaya,-6.5463234,107.4482599,Kabupaten Karawang,cafe
Chatime - Summarecon Villaggio Outlet,-6.3240839,107.3405489,Kabupaten Karawang,cafe
Starbucks - Summarecon Villaggio Outlets,-6.3234921,107.3384987,Kabupaten Karawang,cafe
Warjo,-6.5537972,107.4456761,Kabupaten Karawang,cafe
Toko Lurah Wanda,-6.1914659,107.5270168,Kabupaten Karawang,coffee_shop
Salon Fitri,-6.2031669,107.5368178,Kabupaten Karawang,coffee_shop
Toko Copi Herman,-6.2029119,107.5335691,Kabupaten Karawang,coffee_shop
Toko Copi,-6.2046384,107.5353662,Kabupaten Karawang,coffee_shop
Warung kopi,-6.5255056,107.39045,Kabupaten Karawang,cafe
Warung kopi,-6.5256554,107.3910516,Kabupaten Karawang,cafe
Sweet. Munjuljaya,-6.546299,107.4482706,Kabupaten Karawang,cafe
Warung kopi,-6.5328037,107.3014561,Kabupaten Karawang,coffee_shop
Starbucks,-6.3670197,107.3602522,Kabupaten Karawang,cafe
Warung kopi,-6.5071202,107.4045381,Kabupaten Karawang,coffee_shop
Okugai Cafe,-6.3246447,107.3575379,Kabupaten Karawang,cafe
Kajene Forest,-6.9727791,108.4851352,Kabupaten Kuningan,cafe
Tanpa Nama,-6.8700475,108.2831797,Kabupaten Majalengka,cafe
ROAKRAK,-6.8359692,108.2316916,Kabupaten Majalengka,cafe
Kyo Space,-6.8391218,108.2238086,Kabupaten Majalengka,cafe
Tanpa Nama,-6.8340807,108.2223855,Kabupaten Majalengka,cafe
Tanpa Nama,-6.8342331,108.2190634,Kabupaten Majalengka,cafe
Javatos Coffe,-6.8353033,108.2203553,Kabupaten Majalengka,cafe
DNA KUYA,-6.8354363,108.2213088,Kabupaten Majalengka,cafe
Rumah KGW,-6.8354705,108.2228765,Kabupaten Majalengka,cafe
Kedai SanesKape,-6.834949,108.2230316,Kabupaten Majalengka,cafe
Oak's Cafe & Resto,-6.8360304,108.2311651,Kabupaten Majalengka,cafe
Tanpa Nama,-6.8360542,108.231665,Kabupaten Majalengka,cafe
kopi sandaran hati majalengka,-6.836008,108.2263819,Kabupaten Majalengka,cafe
waroeng mang indra,-6.8357083,108.2210173,Kabupaten Majalengka,cafe
Ambet Kasih Coffe,-6.8349258,108.2211123,Kabupaten Majalengka,cafe
"Dapoer Sosis, Teh Poci & Suplier Cilok",-6.8348866,108.2208902,Kabupaten Majalengka,cafe
Deer Coffe,-6.8352321,108.2165609,Kabupaten Majalengka,cafe
Aroma Thai tea,-6.829293,108.2096659,Kabupaten Majalengka,cafe
Juharajuice,-6.8293475,108.210044,Kabupaten Majalengka,cafe
marketduatujuh,-6.8292271,108.2110436,Kabupaten Majalengka,cafe
warkop MANG MAMAT,-6.8292828,108.2111975,Kabupaten Majalengka,cafe
Rumah Zena,-6.8302745,108.2127082,Kabupaten Majalengka,cafe
Tanpa Nama,-6.8305135,108.2133882,Kabupaten Majalengka,cafe
Tanpa Nama,-6.8299347,108.2119202,Kabupaten Majalengka,cafe
Tanpa Nama,-6.8304042,108.2123477,Kabupaten Majalengka,cafe
Retro chicken,-6.8306845,108.2128528,Kabupaten Majalengka,cafe
DKR majalengka,-6.8326795,108.22042,Kabupaten Majalengka,cafe
kedai ratu,-6.83273,108.2210824,Kabupaten Majalengka,cafe
Warung kopi ibu idah,-6.8339637,108.2298798,Kabupaten Majalengka,cafe
Warung Pasya,-6.8340069,108.2310414,Kabupaten Majalengka,cafe
Salt Café,-7.7498107,108.4990014,Kabupaten Pangandaran,cafe
In out,-7.7459862,108.4898675,Kabupaten Pangandaran,cafe
Butakaras Point,-7.7498006,108.5006711,Kabupaten Pangandaran,cafe
Lusen Coffee,-7.7136121,108.499237,Kabupaten Pangandaran,cafe
Tanpa Nama,-7.6903025,108.7653173,Kabupaten Pangandaran,cafe
Tanpa Nama,-7.6902946,108.7651465,Kabupaten Pangandaran,cafe
Tanpa Nama,-6.6102893,107.4076951,Kabupaten Purwakarta,cafe
Starbucks,-6.6749475,107.4391132,Kabupaten Purwakarta,cafe
cinta,-6.8397638,107.9265562,Kabupaten Subang,cafe
Pusat Jajanan Serba Ada Sawo Polo,-6.8399272,107.9265721,Kabupaten Subang,cafe
dunkin Donuts,-6.8397533,107.9265279,Kabupaten Subang,cafe
Rizqi,-6.8495754,107.9226995,Kabupaten Subang,cafe
Ceu Itoh,-6.8415023,107.926455,Kabupaten Subang,cafe
Tanpa Nama,-6.3067855,107.8209992,Kabupaten Subang,cafe
Warung Timik-timik,-6.7788924,107.7352609,Kabupaten Subang,cafe
RM Padang Sederhana,-6.5218009,107.6733913,Kabupaten Subang,cafe
Foodcourt 38,-6.5232295,107.6735691,Kabupaten Subang,cafe
Kopiyantea,-6.5539125,107.8067763,Kabupaten Subang,cafe
Cupumanik Coffee,-6.7792236,107.7130163,Kabupaten Subang,cafe
MIXUE DINAS KESEHATAN SUBANG,-6.5681036,107.7604497,Kabupaten Subang,cafe
Tamansari Kopi,-6.5739355,107.7612113,Kabupaten Subang,cafe
Tanpa Nama,-6.5094111,107.7182935,Kabupaten Subang,cafe
Tanpa Nama,-6.5093687,107.7187092,Kabupaten Subang,cafe
Tanpa Nama,-6.5101098,107.7189098,Kabupaten Subang,cafe
Tanpa Nama,-6.5100651,107.7193844,Kabupaten Subang,cafe
Tanpa Nama,-6.5098376,107.719068,Kabupaten Subang,cafe
Tanpa Nama,-6.5097707,107.7181939,Kabupaten Subang,cafe
SAUNG ASEP WAHYU,-6.7311246,107.9294638,Kabupaten Subang,cafe
BMB Caffe & Pub,-7.0007116,106.542583,Kabupaten Sukabumi,cafe
Sebelas Kopi,-6.9751309,106.5280004,Kabupaten Sukabumi,cafe
Sebelas kopi,-6.974972,106.5279305,Kabupaten Sukabumi,cafe
selsalse,-6.9502775,106.5175858,Kabupaten Sukabumi,cafe
Beau Cafe,-7.3334591,106.5258584,Kabupaten Sukabumi,cafe
